Category	D4D_Full_Path	D4D_Type	Exchange_Layer_URI	RO_Crate_JSON_Path	Mapping_Type	Information_Loss	Example_D4D_Value	Example_RO_Crate_Value	Transformation_Notes	Unplaced	Unplaced_Reason	Rule_ID	Execution	Execution_Reason	Mapping_Rule
Basic Metadata	Dataset.title	str	d4d:title skos:exactMatch schema:name	@graph[?@type='Dataset']['name']	exactMatch	none	"""AI-READI Dataset"""	"""AI-READI Dataset"""				49c24423:legacy-line-2	active	Apply the declared source path within the crate root; do not promote a member value to the root.	
Basic Metadata	Dataset.description	str	d4d:description skos:exactMatch schema:description	@graph[?@type='Dataset']['description']	exactMatch	none	"""Diabetes research data..."""	"""Diabetes research data..."""				49c24423:legacy-line-3	active	Apply the declared source path within the crate root; do not promote a member value to the root.	
Basic Metadata	Dataset.keywords	List[str]	d4d:keywords skos:exactMatch schema:keywords	@graph[?@type='Dataset']['keywords']	exactMatch	none	"[""diabetes"", ""AI""]"	"[""diabetes"", ""AI""]"				49c24423:legacy-line-4	active	Apply the declared source path within the crate root; do not promote a member value to the root.	
Basic Metadata	Dataset.language	str	d4d:language skos:exactMatch schema:inLanguage	@graph[?@type='Dataset']['inLanguage']	exactMatch	none	"""en"""	"""en"""				49c24423:legacy-line-5	active	Apply the declared source path within the crate root; do not promote a member value to the root.	
Basic Metadata	Dataset.page	str	d4d:page skos:exactMatch schema:url	@graph[?@type='Dataset']['url']	exactMatch	none	"""https://aireadi.org"""	"""https://aireadi.org"""				49c24423:legacy-line-6	active	Apply the declared source path within the crate root; do not promote a member value to the root.	
Basic Metadata	Dataset.publisher	URI	d4d:publisher skos:exactMatch schema:publisher	@graph[?@type='Dataset']['publisher']	exactMatch	none	"""UCSD"""	"""UCSD"""				49c24423:legacy-line-7	active	Apply the declared source path within the crate root; do not promote a member value to the root.	
Basic Metadata	Dataset.version	str	d4d:version skos:exactMatch schema:version	@graph[?@type='Dataset']['version']	exactMatch	none	"""1.0"""	"""1.0"""				49c24423:legacy-line-8	active	Apply the declared source path within the crate root; do not promote a member value to the root.	
Basic Metadata	Dataset.license	str	d4d:license skos:exactMatch schema:license	@graph[?@type='Dataset']['license']	exactMatch	none	"""CC-BY-4.0"""	"""CC-BY-4.0"""				49c24423:legacy-line-9	active	Apply the declared source path within the crate root; do not promote a member value to the root.	
Basic Metadata	Dataset.status	URI	d4d:status skos:exactMatch schema:creativeWorkStatus	@graph[?@type='Dataset']['creativeWorkStatus']	exactMatch	none	"""Published"""	"""Published"""				49c24423:legacy-line-10	active	Apply the declared source path within the crate root; do not promote a member value to the root.	
Basic Metadata	Dataset.conforms_to	URI	d4d:conforms_to skos:exactMatch schema:conformsTo	@graph[?@type='Dataset']['conformsTo']	exactMatch	none	"""https://spec.org"""	"""https://spec.org"""				49c24423:legacy-line-11	active	Apply the declared source path within the crate root; do not promote a member value to the root.	
Basic Metadata	Dataset.download_url	str/URI	d4d:download_url skos:exactMatch schema:contentUrl	@graph[?@type='Dataset']['contentUrl']	exactMatch	none	"""https://data.org/d.zip"""	"""https://data.org/d.zip"""				49c24423:legacy-line-12	active	Apply the declared source path within the crate root; do not promote a member value to the root.	
Basic Metadata	Dataset.bytes	Int	d4d:bytes skos:exactMatch schema:contentSize	@graph[?@type='Dataset']['contentSize']	exactMatch	none	1073741824	1073741824		out_of_scope	`bytes` is a `File` slot, and `contentSize` is a rounded human string ('1.2 tb', '12.9 GB'), not a byte count, so it is not parsed into one (the `Dataset.total_size_bytes` row's notes say why). That row reads the exact `evi:totalContentSizeBytes`, which only CM4AI's crate carries: CHORUS's and VOICE's records carry no size.	49c24423:legacy-line-13	deferred	Retain current-arm limitation; preserve rounded size text. Do not manufacture an exact integer byte count from rounded/ambiguous-unit strings. Use exact evi:totalContentSizeBytes where explicitly supplied. Dependency: Future approximate quantity needs explicit precision/unit contract.	
Basic Metadata	Dataset.encoding	str	d4d:encoding skos:closeMatch evi:formats	@graph[?@type='Dataset']['evi:formats']	closeMatch	minimal	"""UTF-8"""	"""text/csv; charset=UTF-8"""	MIME type transformation	out_of_scope	`encoding` is a `File` slot, one file's character encoding; `File` sits two levels below `Dataset` (`file_collections`, then `FileCollection.resources`), and a row places one level deep. `evi:formats` lists file formats, which the `Dataset.distribution_formats` row already reads.	49c24423:legacy-line-14	deferred	Keep current-arm File/dialect limitation; preserve source evidence and deferred entity-specific mapping. Require actual file identity, collection membership and per-file properties. Root contentUrl is already download_url; format is not encoding. Do not copy root checksums/dialect to every member or infer MIME parameters from prose. Dependency: Dedicated File adapter; resolve FormatDialect.header string versus historical TSV bool.	
Basic Metadata	Dataset.path	str	d4d:path skos:narrowMatch schema:contentUrl	@graph[?@type='Dataset']['contentUrl']	narrowMatch	minimal	"""data/file.csv"""	"""https://example.org/data/file.csv"""	Relative to absolute path	out_of_scope	`path` locates one file or one file collection (`File.path`, `FileCollection.path`), not the dataset. The root's `contentUrl` already fills `Dataset.download_url`.	49c24423:legacy-line-15	deferred	Keep current-arm File/dialect limitation; preserve source evidence and deferred entity-specific mapping. Require actual file identity, collection membership and per-file properties. Root contentUrl is already download_url; format is not encoding. Do not copy root checksums/dialect to every member or infer MIME parameters from prose. Dependency: Dedicated File adapter; resolve FormatDialect.header string versus historical TSV bool.	
Dates	Dataset.created_on	Date	d4d:created_on skos:exactMatch schema:dateCreated	@graph[?@type='Dataset']['dateCreated']	exactMatch	none	"""2024-01-15"""	"""2024-01-15"""				49c24423:legacy-line-16	active	Apply the declared source path within the crate root; do not promote a member value to the root.	
Dates	Dataset.issued	Date	d4d:issued skos:exactMatch schema:datePublished	@graph[?@type='Dataset']['datePublished']	exactMatch	none	"""2024-03-01"""	"""2024-03-01"""				49c24423:legacy-line-17	active	Apply the declared source path within the crate root; do not promote a member value to the root.	
Dates	Dataset.last_updated_on	Date	d4d:last_updated_on skos:exactMatch schema:dateModified	@graph[?@type='Dataset']['dateModified']	exactMatch	none	"""2024-06-01"""	"""2024-06-01"""				49c24423:legacy-line-18	active	Apply the declared source path within the crate root; do not promote a member value to the root.	
Dates	Dataset.distribution_dates	Date	d4d:distribution_dates skos:exactMatch schema:dateCreated	@graph[?@type='Dataset']['dateCreated']	exactMatch	none	"""2024-03-01"""	"""2024-03-01"""				49c24423:legacy-line-19	active	Apply the declared source path within the crate root; do not promote a member value to the root.	
Checksums & Identifiers	Dataset.doi	URI	d4d:doi skos:exactMatch schema:identifier	@graph[?@type='Dataset']['identifier']	exactMatch	none	"""10.5281/zenodo.123456"""	"""10.5281/zenodo.123456"""				49c24423:legacy-line-20	active	Apply the declared source path within the crate root; do not promote a member value to the root.	
Checksums & Identifiers	Dataset.md5	str	d4d:md5 skos:exactMatch evi:md5	@graph[?@type='Dataset']['evi:md5']	exactMatch	none	"""a1b2c3d4..."""	"""a1b2c3d4..."""		out_of_scope	`md5` is a `File` slot, the checksum of one file; `File` sits two levels below `Dataset` (`file_collections`, then `FileCollection.resources`), and a row places one level deep.	49c24423:legacy-line-21	deferred	Keep current-arm File/dialect limitation; preserve source evidence and deferred entity-specific mapping. Require actual file identity, collection membership and per-file properties. Root contentUrl is already download_url; format is not encoding. Do not copy root checksums/dialect to every member or infer MIME parameters from prose. Dependency: Dedicated File adapter; resolve FormatDialect.header string versus historical TSV bool.	
Checksums & Identifiers	Dataset.sha256	str	d4d:sha256 skos:exactMatch evi:sha256	@graph[?@type='Dataset']['evi:sha256']	exactMatch	none	"""e5f6a7b8..."""	"""e5f6a7b8..."""		out_of_scope	`sha256` is a `File` slot, the checksum of one file; `File` sits two levels below `Dataset` (`file_collections`, then `FileCollection.resources`), and a row places one level deep.	49c24423:legacy-line-22	deferred	Keep current-arm File/dialect limitation; preserve source evidence and deferred entity-specific mapping. Require actual file identity, collection membership and per-file properties. Root contentUrl is already download_url; format is not encoding. Do not copy root checksums/dialect to every member or infer MIME parameters from prose. Dependency: Dedicated File adapter; resolve FormatDialect.header string versus historical TSV bool.	
Checksums & Identifiers	Dataset.hash	str	d4d:hash skos:exactMatch evi:md5	@graph[?@type='Dataset']['evi:md5']	exactMatch	none	"""a1b2c3d4..."""	"""a1b2c3d4..."""		out_of_scope	`hash` is a `File` slot, the checksum of one file; `File` sits two levels below `Dataset` (`file_collections`, then `FileCollection.resources`), and a row places one level deep.	49c24423:legacy-line-23	deferred	Keep current-arm File/dialect limitation; preserve source evidence and deferred entity-specific mapping. Require actual file identity, collection membership and per-file properties. Root contentUrl is already download_url; format is not encoding. Do not copy root checksums/dialect to every member or infer MIME parameters from prose. Dependency: Dedicated File adapter; resolve FormatDialect.header string versus historical TSV bool.	
Checksums & Identifiers	Dataset.was_derived_from	str	d4d:was_derived_from skos:exactMatch schema:isBasedOn	@graph[?@type='Dataset']['isBasedOn']	exactMatch	none	"""10.5281/zenodo.111"""	"""10.5281/zenodo.111"""				49c24423:legacy-line-24	active	Apply the declared source path within the crate root; do not promote a member value to the root.	
Relationships	Dataset.resources	List	d4d:resources skos:relatedMatch schema:hasPart	@graph[?@type='Dataset']['hasPart']	relatedMatch	moderate	"[{""@type"":""Dataset"",""name"":""Subset A""}]"	"{""hasPart"":[{""@type"":""Dataset"",""name"":""Subset A""}]}"	Collection structure mapping			49c24423:legacy-line-25	active	Apply the declared source path within the crate root; do not promote a member value to the root.	
Relationships	Dataset.parent_datasets	List	Crate-key route: isPartOf -> Dataset.parent_datasets; semantic relation unassessed	@graph[?@type='Dataset']['isPartOf']			"[{""@id"":""doi:10.123/parent""}]"	"{""isPartOf"":{""@id"":""doi:10.123/parent""}}"	Rule typed_parents reads root isPartOf only. Accept only explicitly Dataset-typed references, refuse self/cyclic links and retain refused source assertions; no type inference from URI spelling (#4047). Mapping relation and information loss are unassessed for this approved route; blank cells make no exactMatch/none claim. The original declarations remain in the versioned rule ledger (#4039).			49c24423:legacy-line-26	active	Map only explicitly Dataset-typed parent references from the crate root. Preserve unresolved and other entity types in provenance. Do not infer type from URI names, use child properties as root properties, or accept self/cyclic parent links. Dependency: #4047; root-scoped lookup and explicit type evidence.	typed_parents
Relationships	DatasetCollection.related_datasets	List	d4d:related_datasets skos:relatedMatch schema:relatedLink	@graph[?@type='Dataset']['relatedLink']	relatedMatch	minimal	"[{""@id"":""doi:10.123/related""}]"	"{""relatedLink"":{""@id"":""doi:10.123/related""}}"		owner_question	The successor `Dataset.related_datasets` ranges over `DatasetRelationship`, which requires a `relationship_type`; `relatedLink` states none, so a placed value would fail the schema. The `Dataset.external_resources` and `Dataset.use_repository` rows already read `relatedLink`.	49c24423:legacy-line-27	retired	Keep generic relatedLink as external_resources; retire unsupported typed relation. A generic link does not supply DatasetRelationship.target_dataset type and relationship_type. Preserve the link without inventing a dataset relationship. Dependency: Explicit relationship typing only for future supported sources.	
Relationships	Dataset.external_resources	str	d4d:external_resources skos:closeMatch schema:relatedLink	@graph[?@type='Dataset']['relatedLink']	closeMatch	minimal	"""https://pubmed.org/123"""	"{""@type"":""ScholarlyArticle"",""url"":""https://pubmed.org/123""}"	Retargeted from Dataset.external_resource, which is not a slot; external_resources is (#2915).			49c24423:legacy-line-28	active	Apply the declared source path within the crate root; do not promote a member value to the root.	
Relationships	Dataset.use_repository	str	d4d:use_repository skos:relatedMatch schema:relatedLink	@graph[?@type='Dataset']['relatedLink']	relatedMatch	minimal	"""https://github.com/org/repo"""	"""https://github.com/org/repo"""				49c24423:legacy-line-29	active	Apply the declared source path within the crate root; do not promote a member value to the root.	
Creators & Attribution	Dataset.creators	str	d4d:creators skos:closeMatch schema:author	@graph[?@type='Dataset']['author']	closeMatch	minimal	"""John Doe, Jane Smith"""	"[{""@type"":""Person"",""name"":""John Doe""},{""@type"":""Person"",""name"":""Jane Smith""}]"	String to Person/Organization array			49c24423:legacy-line-30	active	Apply the declared source path within the crate root; do not promote a member value to the root.	
Creators & Attribution	Dataset.created_by	Creator	d4d:created_by skos:closeMatch schema:author	@graph[?@type='Dataset']['author']	closeMatch	minimal	"""AI-READI Team"""	"{""@type"":""Organization"",""name"":""AI-READI Team""}"	Crates carry 'author', not 'creator'; verified absent in CHORUS, CM4AI and VOICE. Author list is joined into a single string for this str-ranged slot.			49c24423:legacy-line-31	active	Apply the declared source path within the crate root; do not promote a member value to the root.	
Creators & Attribution	Dataset.funders	str	d4d:funders skos:exactMatch schema:funder	@graph[?@type='Dataset']['funder']	exactMatch	none	"""NIH, NSF"""	"""NIH, NSF"""				49c24423:legacy-line-32	active	Apply the declared source path within the crate root; do not promote a member value to the root.	
RAI Use Cases	Dataset.purposes	str	d4d:purposes skos:closeMatch rai:dataUseCases	@graph[?@type='Dataset']['rai:dataUseCases']	closeMatch	minimal	"""Research, education"""	"""Research, education"""				49c24423:legacy-line-33	active	Apply the declared source path within the crate root; do not promote a member value to the root.	
RAI Use Cases	Dataset.tasks	str	d4d:tasks skos:exactMatch rai:dataUseCases	@graph[?@type='Dataset']['rai:dataUseCases']	exactMatch	none	"""Classification, regression"""	"""Classification, regression"""				49c24423:legacy-line-34	active	Apply the declared source path within the crate root; do not promote a member value to the root.	
RAI Use Cases	Dataset.intended_uses	str	d4d:intended_uses skos:exactMatch rai:dataUseCases	@graph[?@type='Dataset']['rai:dataUseCases']	exactMatch	none	"""Research on diabetes..."""	"""Research on diabetes..."""				49c24423:legacy-line-35	active	Apply the declared source path within the crate root; do not promote a member value to the root.	
RAI Use Cases	Dataset.existing_uses	str	d4d:existing_uses skos:exactMatch rai:dataUseCases	@graph[?@type='Dataset']['rai:dataUseCases']	exactMatch	none	"""Diabetes prediction models"""	"""Diabetes prediction models"""				49c24423:legacy-line-36	active	Apply the declared source path within the crate root; do not promote a member value to the root.	
RAI Use Cases	Dataset.other_tasks	str	d4d:other_tasks skos:exactMatch rai:dataUseCases	@graph[?@type='Dataset']['rai:dataUseCases']	exactMatch	none	"""Risk stratification..."""	"""Risk stratification..."""				49c24423:legacy-line-37	active	Apply the declared source path within the crate root; do not promote a member value to the root.	
RAI Use Cases	Dataset.discouraged_uses	str	d4d:discouraged_uses skos:exactMatch prohibitedUses	@graph[?@type='Dataset']['prohibitedUses']	exactMatch	none	"""Insurance decisions..."""	"""Insurance decisions..."""	Prefix corrected to the form the crates actually emit; verified against CHORUS, CM4AI and VOICE. Target slot, SKOS relation and information loss unchanged.			49c24423:legacy-line-38	active	Apply the declared source path within the crate root; do not promote a member value to the root.	
RAI Use Cases	Dataset.prohibited_uses	str	d4d:prohibited_uses skos:exactMatch prohibitedUses	@graph[?@type='Dataset']['prohibitedUses']	exactMatch	none	"""Surveillance, profiling"""	"""Surveillance, profiling"""	Prefix corrected to the form the crates actually emit; verified against CHORUS, CM4AI and VOICE. Target slot, SKOS relation and information loss unchanged.			49c24423:legacy-line-39	active	Apply the declared source path within the crate root; do not promote a member value to the root.	
RAI Use Cases	Dataset.future_use_impacts	str	d4d:future_use_impacts skos:exactMatch rai:dataSocialImpact	@graph[?@type='Dataset']['rai:dataSocialImpact']	exactMatch	none	"""Risk of re-identification..."""	"""Risk of re-identification..."""				49c24423:legacy-line-40	active	Apply the declared source path within the crate root; do not promote a member value to the root.	
RAI Use Cases	Dataset.addressing_gaps	str	d4d:addressing_gaps skos:exactMatch d4d:addressingGaps	@graph[?@type='Dataset']['d4d:addressingGaps']	exactMatch	none	"""Fill data gap in diabetes..."""	"""Fill data gap in diabetes..."""				49c24423:legacy-line-41	active	Apply the declared source path within the crate root; do not promote a member value to the root.	
RAI Biases & Limitations	Dataset.known_biases	str	d4d:known_biases skos:exactMatch rai:dataBiases	@graph[?@type='Dataset']['rai:dataBiases']	exactMatch	none	"""Sampling bias toward..."""	"""Sampling bias toward..."""				49c24423:legacy-line-42	active	Apply the declared source path within the crate root; do not promote a member value to the root.	
RAI Biases & Limitations	Dataset.known_limitations	str	d4d:known_limitations skos:exactMatch rai:dataLimitations	@graph[?@type='Dataset']['rai:dataLimitations']	exactMatch	none	"""Small sample size..."""	"""Small sample size..."""				49c24423:legacy-line-43	active	Apply the declared source path within the crate root; do not promote a member value to the root.	
RAI Biases & Limitations	Dataset.anomalies	str	d4d:anomalies skos:exactMatch d4d:anomalies	@graph[?@type='Dataset']['d4d:anomalies']	exactMatch	none	"""5 outliers detected..."""	"""5 outliers detected..."""				49c24423:legacy-line-44	active	Apply the declared source path within the crate root; do not promote a member value to the root.	
RAI Biases & Limitations	Dataset.content_warnings	str	d4d:content_warnings skos:exactMatch d4d:contentWarnings	@graph[?@type='Dataset']['d4d:contentWarnings']	exactMatch	none	"""Contains medical images"""	"""Contains medical images"""				49c24423:legacy-line-45	active	Apply the declared source path within the crate root; do not promote a member value to the root.	
RAI Biases & Limitations	Dataset.errata	str	d4d:errata skos:exactMatch schema:correction	@graph[?@type='Dataset']['correction']	exactMatch	none	"""Bug fix in v1.1..."""	"""Bug fix in v1.1..."""				49c24423:legacy-line-46	active	Apply the declared source path within the crate root; do not promote a member value to the root.	
RAI Biases & Limitations	Dataset.updates	str	d4d:updates skos:exactMatch rai:dataReleaseMaintenancePlan	@graph[?@type='Dataset']['rai:dataReleaseMaintenancePlan']	exactMatch	none	"""Quarterly updates planned"""	"""Quarterly updates planned"""				49c24423:legacy-line-47	active	Apply the declared source path within the crate root; do not promote a member value to the root.	
Privacy	Dataset.sensitive_elements	str	d4d:sensitive_elements skos:exactMatch rai:personalSensitiveInformation	@graph[?@type='Dataset']['rai:personalSensitiveInformation']	exactMatch	none	"""Race, ethnicity, health status"""	"""Race, ethnicity, health status"""				49c24423:legacy-line-48	active	Apply the declared source path within the crate root; do not promote a member value to the root.	
Privacy	Dataset.confidential_elements	str	d4d:confidential_elements skos:exactMatch rai:personalSensitiveInformation	@graph[?@type='Dataset']['rai:personalSensitiveInformation']	exactMatch	none	"""PHI, genetic data"""	"""PHI, genetic data"""				49c24423:legacy-line-49	active	Apply the declared source path within the crate root; do not promote a member value to the root.	
Privacy	Dataset.is_deidentified	bool	d4d:is_deidentified skos:narrowMatch rai:confidentialityLevel	@graph[?@type='Dataset']['rai:confidentialityLevel']	narrowMatch	minimal	true	"""de-identified"""	Boolean to string			49c24423:legacy-line-50	active	Apply the declared source path within the crate root; do not promote a member value to the root.	
Privacy	Dataset.data_protection_impacts	str	d4d:data_protection_impacts skos:exactMatch rai:dataSocialImpact	@graph[?@type='Dataset']['rai:dataSocialImpact']	exactMatch	none	"""DPIA completed 2024-01"""	"""DPIA completed 2024-01"""				49c24423:legacy-line-51	active	Apply the declared source path within the crate root; do not promote a member value to the root.	
Privacy	Dataset.regulatory_restrictions	str	d4d:regulatory_restrictions skos:closeMatch schema:conditionsOfAccess	@graph[?@type='Dataset']['conditionsOfAccess']	closeMatch	minimal	"""HIPAA, GDPR"""	"""HIPAA, GDPR"""				49c24423:legacy-line-52	active	Apply the declared source path within the crate root; do not promote a member value to the root.	
Data Collection	Dataset.acquisition_methods	str	d4d:acquisition_methods skos:exactMatch rai:dataCollection	@graph[?@type='Dataset']['rai:dataCollection']	exactMatch	none	"""Clinical sensors, EHR export"""	"""Clinical sensors, EHR export"""				49c24423:legacy-line-53	active	Apply the declared source path within the crate root; do not promote a member value to the root.	
Data Collection	Dataset.collection_mechanisms	str	d4d:collection_mechanisms skos:exactMatch rai:dataCollection	@graph[?@type='Dataset']['rai:dataCollection']	exactMatch	none	"""Automated API extraction"""	"""Automated API extraction"""				49c24423:legacy-line-54	active	Apply the declared source path within the crate root; do not promote a member value to the root.	
Data Collection	Dataset.collection_timeframes	str	d4d:collection_timeframes skos:exactMatch rai:dataCollectionTimeframe	@graph[?@type='Dataset']['rai:dataCollectionTimeframe']	exactMatch	none	"""2023-01 to 2024-06"""	"""2023-01 to 2024-06"""	Prefix corrected to the form the crates actually emit; verified against CHORUS, CM4AI and VOICE. Target slot, SKOS relation and information loss unchanged.			49c24423:legacy-line-55	active	Apply the declared source path within the crate root; do not promote a member value to the root.	
Data Collection	Dataset.data_collectors	List	d4d:data_collectors skos:relatedMatch schema:contributor	@graph[?@type='Dataset']['contributor']	relatedMatch	moderate	"[{""name"":""Research assistants"",""compensation"":""$20/hr""}]"	"{""contributor"":[{""@type"":""Person"",""name"":""Research assistants""}]}"	Compensation detail lost			49c24423:legacy-line-56	active	Apply the declared source path within the crate root; do not promote a member value to the root.	
Data Collection	Dataset.raw_data_sources	str	d4d:raw_data_sources skos:exactMatch rai:dataCollectionRawData	@graph[?@type='Dataset']['rai:dataCollectionRawData']	exactMatch	none	"""Epic EHR, lab LIMS"""	"""Epic EHR, lab LIMS"""				49c24423:legacy-line-57	active	Apply the declared source path within the crate root; do not promote a member value to the root.	
Data Collection	Dataset.missing_data_documentation	str	d4d:missing_data_documentation skos:exactMatch rai:dataCollectionMissingData	@graph[?@type='Dataset']['rai:dataCollectionMissingData']	exactMatch	none	"""15% missing in glucose..."""	"""15% missing in glucose..."""				49c24423:legacy-line-58	active	Apply the declared source path within the crate root; do not promote a member value to the root.	
Preprocessing	Dataset.cleaning_strategies	List[CleaningStrategy]	d4d:cleaning_strategies skos:closeMatch rai:dataManipulationProtocol	@graph[?@type='Dataset']['rai:dataManipulationProtocol']	closeMatch	minimal	"[{""description"":""Removed duplicates"",""step_type"":""data_cleaning""}]"	"""Removed duplicate records using MD5 hash"""	Structured array to string			49c24423:legacy-line-59	active	Apply the declared source path within the crate root; do not promote a member value to the root.	
Preprocessing	CleaningStrategy.description	str	d4d:cleaning_strategies[].description	rai:dataManipulationProtocol	closeMatch	moderate	"""Removed duplicates"""	Flattened into protocol string	Array element lost			49c24423:legacy-line-60	active	Apply the declared source path within the crate root; do not promote a member value to the root.	
Preprocessing	CleaningStrategy.step_type	str	d4d:cleaning_strategies[].step_type	rai:dataManipulationProtocol	closeMatch	high	"""data_cleaning"""	Lost in flattening	Enumeration lost	owner_question	No slot for a step type on `CleaningStrategy` at schema 3.0.0, and the schema never had one (`git log -S step_type`).	49c24423:legacy-line-61	retired	Retire unsupported protocol subfield rule; retain complete existing protocol text. Narrative does not assert step type/order, annotator category or ECO evidence code. Preserve prior crosswalk proposal and the existing whole-text mapping. Dependency: No new schema fields solely to rescue these rows.	
Preprocessing	CleaningStrategy.pipeline_step	int	d4d:cleaning_strategies[].pipeline_step	rai:dataManipulationProtocol	closeMatch	high	20	Lost in flattening	Step order lost	owner_question	No slot for a step's place in a pipeline on `CleaningStrategy` at schema 3.0.0, and the schema never had one (`git log -S pipeline_step`).	49c24423:legacy-line-62	retired	Retire unsupported protocol subfield rule; retain complete existing protocol text. Narrative does not assert step type/order, annotator category or ECO evidence code. Preserve prior crosswalk proposal and the existing whole-text mapping. Dependency: No new schema fields solely to rescue these rows.	
Preprocessing	Dataset.preprocessing_strategies	List[PreprocessingStrategy]	d4d:preprocessing_strategies skos:closeMatch rai:dataPreprocessingProtocol	@graph[?@type='Dataset']['rai:dataPreprocessingProtocol']	closeMatch	minimal	"[{""description"":""Normalized values"",""step_type"":""normalization""}]"	"""Normalized glucose values to 0-1 range"""	Structured array to string			49c24423:legacy-line-63	active	Apply the declared source path within the crate root; do not promote a member value to the root.	
Preprocessing	PreprocessingStrategy.description	str	d4d:preprocessing_strategies[].description	rai:dataPreprocessingProtocol	closeMatch	moderate	"""Normalized values"""	Flattened into protocol string	Array element lost			49c24423:legacy-line-64	active	Apply the declared source path within the crate root; do not promote a member value to the root.	
Preprocessing	PreprocessingStrategy.step_type	str	d4d:preprocessing_strategies[].step_type	rai:dataPreprocessingProtocol	closeMatch	high	"""normalization"""	Lost in flattening	Enumeration lost	owner_question	No slot for a step type on `PreprocessingStrategy` at schema 3.0.0, and the schema never had one (`git log -S step_type`).	49c24423:legacy-line-65	retired	Retire unsupported protocol subfield rule; retain complete existing protocol text. Narrative does not assert step type/order, annotator category or ECO evidence code. Preserve prior crosswalk proposal and the existing whole-text mapping. Dependency: No new schema fields solely to rescue these rows.	
Preprocessing	PreprocessingStrategy.pipeline_step	int	d4d:preprocessing_strategies[].pipeline_step	rai:dataPreprocessingProtocol	closeMatch	high	10	Lost in flattening	Step order lost	owner_question	No slot for a step's place in a pipeline on `PreprocessingStrategy` at schema 3.0.0, and the schema never had one (`git log -S pipeline_step`).	49c24423:legacy-line-66	retired	Retire unsupported protocol subfield rule; retain complete existing protocol text. Narrative does not assert step type/order, annotator category or ECO evidence code. Preserve prior crosswalk proposal and the existing whole-text mapping. Dependency: No new schema fields solely to rescue these rows.	
Preprocessing	Dataset.imputation_protocols	str	Unassessed: explicit root imputation assertions; canonical and legacy aliases preserved	@graph[?@type='Dataset']['rai:dataImputationProtocol']			"""MICE for missing values"""	"""MICE for missing values"""	Rule imputation reads root rai:dataImputationProtocol (canonical) and rai:imputationProtocol (legacy). Preserve both source keys and any conflict; never silently choose one conflicting value (#4043). The original route and fidelity declarations are archived in the v1 rule ledger.			49c24423:legacy-line-67	active	Apply the declared source path within the crate root; do not promote a member value to the root.	imputation
Preprocessing	Dataset.raw_sources	str	d4d:raw_sources skos:exactMatch rai:dataCollectionRawData	@graph[?@type='Dataset']['rai:dataCollectionRawData']	exactMatch	none	"""Epic EHR, lab LIMS"""	"""Epic EHR, lab LIMS"""				49c24423:legacy-line-68	active	Apply the declared source path within the crate root; do not promote a member value to the root.	
Preprocessing	Dataset.compression	CompressionEnum	d4d:compression skos:closeMatch evi:formats	@graph[?@type='Dataset']['evi:formats']	closeMatch	minimal	"""gzip"""	"""application/gzip"""	Enum to MIME type			49c24423:legacy-line-69	active	Apply the declared source path within the crate root; do not promote a member value to the root.	
Preprocessing	Dataset.distribution_formats	List[str]	d4d:distribution_formats skos:exactMatch evi:formats	@graph[?@type='Dataset']['evi:formats']	exactMatch	none	"""CSV, Parquet"""	"""CSV, Parquet"""				49c24423:legacy-line-70	active	Apply the declared source path within the crate root; do not promote a member value to the root.	
Annotation	Dataset.labeling_strategies	List[LabelingStrategy]	d4d:labeling_strategies skos:closeMatch rai:dataAnnotationProtocol	@graph[?@type='Dataset']['rai:dataAnnotationProtocol']	closeMatch	minimal	"[{""description"":""Manual annotation"",""annotator_type"":""expert""}]"	"""Expert clinicians labeled diagnoses"""	Structured array to string			49c24423:legacy-line-71	active	Apply the declared source path within the crate root; do not promote a member value to the root.	
Annotation	LabelingStrategy.description	str	d4d:labeling_strategies[].description	rai:dataAnnotationProtocol	closeMatch	moderate	"""Manual annotation"""	Flattened into protocol string	Array element lost			49c24423:legacy-line-72	active	Apply the declared source path within the crate root; do not promote a member value to the root.	
Annotation	LabelingStrategy.annotator_type	str	d4d:labeling_strategies[].annotator_type	rai:dataAnnotationProtocol	closeMatch	high	"""expert"""	Lost in flattening	Annotator type lost	owner_question	No slot for an annotator type on `LabelingStrategy` at schema 3.0.0, and the schema never had one (`git log -S annotator_type`); `annotator_demographics` describes annotators, not their type.	49c24423:legacy-line-73	retired	Retire unsupported protocol subfield rule; retain complete existing protocol text. Narrative does not assert step type/order, annotator category or ECO evidence code. Preserve prior crosswalk proposal and the existing whole-text mapping. Dependency: No new schema fields solely to rescue these rows.	
Annotation	LabelingStrategy.evidence_type	ECO	d4d:labeling_strategies[].evidence_type	rai:dataAnnotationProtocol	closeMatch	high	ECO:0000217	Lost - no ECO support in RO-Crate	ECO ontology lost	owner_question	No slot for an ECO evidence type on `LabelingStrategy` at schema 3.0.0, and the schema never had one (`git log -S evidence_type`).	49c24423:legacy-line-74	retired	Retire unsupported protocol subfield rule; retain complete existing protocol text. Narrative does not assert step type/order, annotator category or ECO evidence code. Preserve prior crosswalk proposal and the existing whole-text mapping. Dependency: No new schema fields solely to rescue these rows.	
Annotation	Dataset.annotation_analyses	List[AnnotationAnalysis]	d4d:annotation_analyses skos:closeMatch rai:dataAnnotationAnalysis	@graph[?@type='Dataset']['rai:dataAnnotationAnalysis']	closeMatch	minimal	"[{""description"":""Inter-rater reliability 0.89""}]"	"""Inter-rater reliability: 0.89 (Cohen's kappa)"""	Structured array to string			49c24423:legacy-line-75	active	Apply the declared source path within the crate root; do not promote a member value to the root.	
Annotation	AnnotationAnalysis.description	str	d4d:annotation_analyses[].description	rai:dataAnnotationAnalysis	closeMatch	moderate	"""Inter-rater reliability 0.89"""	Flattened into analysis string	Array element lost			49c24423:legacy-line-76	active	Apply the declared source path within the crate root; do not promote a member value to the root.	
Annotation	Dataset.machine_annotation_tools	List[MachineAnnotationTools]	d4d:machine_annotation_tools skos:closeMatch rai:machineAnnotationTools	@graph[?@type='Dataset']['rai:machineAnnotationTools']	closeMatch	minimal	"[{""tool_name"":""spaCy"",""version"":""3.5""}]"	"""spaCy v3.5 for NER"""	Structured array to string. Retargeted from Dataset.machine_annotation_analyses, which is not a slot; machine_annotation_tools ranges over MachineAnnotationTools (#2915).			49c24423:legacy-line-77	active	Apply the declared source path within the crate root; do not promote a member value to the root.	
Annotation	MachineAnnotationTools.tools	str	d4d:machine_annotation_tools[].tools	rai:machineAnnotationTools	closeMatch	moderate	"""spaCy"""	Flattened with version	Tool details lost. Retargeted from MachineAnnotation.tool_name: the schema has no MachineAnnotation class, and MachineAnnotationTools.tools lists the tools (#2915).			49c24423:legacy-line-78	active	Apply the declared source path within the crate root; do not promote a member value to the root.	
Ethics & Compliance	Dataset.ethical_reviews	str	d4d:ethical_reviews skos:exactMatch ethicalReview	@graph[?@type='Dataset']['ethicalReview']	exactMatch	none	"""IRB #2023-456 approved"""	"""IRB #2023-456 approved"""	Crates carry unprefixed 'ethicalReview'; 'rai:ethicalReview' is absent in CHORUS, CM4AI and VOICE. Note the crate property is unprefixed under @vocab schema.org but is not a schema.org term.			49c24423:legacy-line-79	active	Apply the declared source path within the crate root; do not promote a member value to the root.	
Ethics & Compliance	Dataset.human_subject_research	str	Crate-key route: humanSubjectResearch (and explicitly declared helper inputs) -> Dataset.human_subject_research; semantic relation unassessed	@graph[?@type='Dataset']['humanSubjectResearch']			"""Yes, IRB approved"""	"""Yes, IRB approved"""	Rule human_subjects reads root humanSubjectResearch, humanSubjects, humanSubjectExemption, irb and irbProtocolId. Preserve every supplied statement with its source key. humanSubjects is distinct from research participation; an IRB name or protocol identifier is not approval. The retired exemption and IRB-inference rows do not merge another object (#4383, #4043). Mapping relation and information loss are unassessed for this approved route; blank cells make no exactMatch/none claim. The original declarations remain in the versioned rule ledger (#4039).			49c24423:legacy-line-80	active	Build one root-scoped HumanSubjectResearch object from separately labelled source assertions; normalize only explicit Yes/No or native booleans, and infer no approval/exemption/compliance determination (#4383, #4043).	human_subjects
Ethics & Compliance	Dataset.at_risk_populations	str	d4d:at_risk_populations skos:exactMatch d4d:atRiskPopulations	@graph[?@type='Dataset']['d4d:atRiskPopulations']	exactMatch	none	"""Children excluded"""	"""Children excluded"""	Retargeted from Dataset.vulnerable_populations, which #129 renamed at_risk_populations (#2915). Prefix corrected to the form the crates emit, d4d:atRiskPopulations, the slot's own slot_uri: CM4AI carries it, and no crate carries rai:atRiskPopulations. SKOS relation and information loss unchanged.			49c24423:legacy-line-81	active	Apply the declared source path within the crate root; do not promote a member value to the root.	
Ethics & Compliance	Dataset.informed_consent	str	d4d:informed_consent skos:exactMatch d4d:informedConsent	@graph[?@type='Dataset']['d4d:informedConsent']	exactMatch	none	"""Written consent obtained"""	"""Written consent obtained"""				49c24423:legacy-line-82	active	Apply the declared source path within the crate root; do not promote a member value to the root.	
Ethics & Compliance	Dataset.license_and_use_terms	str	d4d:license_and_use_terms skos:closeMatch schema:license	@graph[?@type='Dataset']['license']	closeMatch	moderate	"""CC-BY-4.0, attribution required"""	"{""license"":""CC-BY-4.0"",""conditionsOfAccess"":""Attribution required""}"	Multi-property merge			49c24423:legacy-line-83	active	Apply the declared source path within the crate root; do not promote a member value to the root.	
Ethics & Compliance	Dataset.ip_restrictions	str	d4d:ip_restrictions skos:closeMatch schema:conditionsOfAccess	@graph[?@type='Dataset']['conditionsOfAccess']	closeMatch	minimal	"""No commercial use"""	"""No commercial use"""				49c24423:legacy-line-84	active	Apply the declared source path within the crate root; do not promote a member value to the root.	
Ethics & Compliance	Dataset.extension_mechanism	str	d4d:extension_mechanism skos:closeMatch schema:license	@graph[?@type='Dataset']['license']	closeMatch	moderate	"""GitHub PRs accepted"""	"""GitHub PRs accepted"""				49c24423:legacy-line-85	active	Apply the declared source path within the crate root; do not promote a member value to the root.	
Ethics & Compliance	Dataset.retention_limit	str	d4d:retention_limit skos:narrowMatch schema:conditionsOfAccess	@graph[?@type='Dataset']['conditionsOfAccess']	narrowMatch	minimal	"""5 years"""	"""Data retained for 5 years per IRB protocol"""				49c24423:legacy-line-86	active	Apply the declared source path within the crate root; do not promote a member value to the root.	
Ethics & Compliance	EthicalReview.irb_id	str	d4d:ethical_reviews.irb_id	rai:ethicalReview	closeMatch	moderate	"""IRB-2023-456"""	Embedded in ethicalReview string	Structure lost	owner_question	Left as it is pending #4043, which asks the owner to rule on this row's crate side (`rai:ethicalReview`). `irb_id` is not a slot on `EthicalReview`; `HumanSubjectResearch.irb_approval` is the nearest.	49c24423:legacy-line-87	retired	Retire ethicalReview-to-IRB-ID inference; preserve explicit review assertions. Keep ethicalReview narrative in EthicalReview.review_details. Read explicit irb/irbProtocolId as separately labeled assertions; an identifier or board name does not assert approval. Dependency: #4043; root-scoped field-specific ethics construction.	
Ethics & Compliance	HumanSubjectResearch.exemption	str	d4d:human_subject_research.exemption	d4d:humanSubject	closeMatch	moderate	"""45 CFR 46.104(d)(4)"""	Embedded in humanSubject string	Structure lost	owner_question	No `exemption` slot on `HumanSubjectResearch` at schema 3.0.0; `regulatory_compliance` names frameworks, not an exemption. The crates carry `humanSubjectExemption`, not the `d4d:humanSubject` this row names.	49c24423:legacy-line-88	retired	Retired as a separate target; superseded by 49c24423:legacy-line-80 (human_subjects), which preserves root humanSubjectExemption verbatim as a labelled assertion. No exemption/compliance/approval is inferred and no second human-subject object is merged (#4383).	
Governance	DataGovernance.description	str	Crate-key route: dataGovernanceCommittee -> DataGovernance.description; semantic relation unassessed	@graph[?@type='Dataset']['dataGovernanceCommittee']			"""Data Governance Board"""	"""Data Governance Board"""	D4D-embedded field Preserve the root dataGovernanceCommittee literal as governance narrative. Do not infer committee_name, committee_contact, membership or person identity; retain the existing refusal of incompatible host merges (#4386). Mapping relation and information loss are unassessed for this approved route; blank cells make no exactMatch/none claim. The original declarations remain in the versioned rule ledger (#4039).			49c24423:legacy-line-89	active	Map root literal to existing DataGovernance.description. Preserve original literal/source property; leave committee_name, committee_contact and committee_members unset without explicit evidence. Narrative preservation does not establish semantic exactMatch. Dependency: #4386; root-scoped lookup; retain refusal of incompatible host merges.	
Governance	DatasetCollection.principal_investigator	str	d4d:principal_investigator	@graph[?@type='Dataset']['principalInvestigator']	exactMatch	none	"""Dr. Jane Doe"""	"""Dr. Jane Doe"""	D4D-embedded field	owner_question	`principal_investigator` is a slot only on `Creator` (range `Person`), under `Dataset.creators`, which its own row fills from `author`; retargeted there, this row would be refused, since merging two crate properties into one object is not decided. The crate value is free text naming a person, and CHORUS's adds an email address. Whether to make a `Creator` or `Person` of it, and in which object, is an owner decision (#2915).	49c24423:legacy-line-90	deferred	Preserve PI literal now; defer typed placement; add a separate dataset role assertion only if queryable roles are required. Preserve source role and literal, optional explicitly sourced identity; no author inference, cross-person merge or name-based entity matching. Dependency: #4449; role schema is an explicit follow-up, not a prerequisite to retaining source evidence.	
Governance	Dataset.modified_by	Creator	d4d:modified_by skos:closeMatch schema:contributor	@graph[?@type='Dataset']['contributor']	closeMatch	minimal	"""Data Team"""	"{""@type"":""Organization"",""name"":""Data Team""}"	String to object			49c24423:legacy-line-91	active	Apply the declared source path within the crate root; do not promote a member value to the root.	
Governance	Dataset.maintainers	str	d4d:maintainers skos:relatedMatch schema:maintainer	@graph[?@type='Dataset']['maintainer']	relatedMatch	minimal	"""Data team at UCSD"""	"""Data team at UCSD"""				49c24423:legacy-line-92	active	Apply the declared source path within the crate root; do not promote a member value to the root.	
Governance	DatasetCollection.contact_email	str	d4d:contact_email	@graph[?@type='Dataset']['contactEmail']	exactMatch	none	"""data@example.org"""	"""data@example.org"""	D4D-embedded field	owner_question	No dataset-level contact slot at schema 3.0.0. An address fits `Person.email`, two levels down, under a `Person`-ranged slot such as `DataGovernance.committee_contact`; which one is a judgement.	49c24423:legacy-line-93	deferred	Preserve generic dataset contact literal now; defer unsupported typed role placement. contactEmail may contain combined name/address text. Preserve the whole source value; do not assign governance/maintainer role or normalize ambiguous addresses. Dependency: Dataset contact/role schema only for an explicit queryable requirement; no inferred governance or maintainer role.	
Governance	DatasetCollection.data_sharing_agreement	str	d4d:data_sharing_agreement	@graph[?@type='Dataset']['dataSharingAgreement']	exactMatch	none	"""DUA required"""	"""DUA required"""	D4D-embedded field	owner_question	No data-sharing-agreement slot at schema 3.0.0; whether `license_and_use_terms` or `ip_restrictions` should carry it is a judgement. No crate carries `dataSharingAgreement`.	49c24423:legacy-line-94	retired	Retire unsupported active DSA target; defer fixture-backed rule. No dataSharingAgreement key in the three inspected complete graphs. Keep the design proposal; absence is not a claim that no agreement is required. Future explicit terms need a source-aware merge rule. Dependency: Concrete fixture and terms semantics; not automatic IP restriction.	
Maintenance	Dataset.version_access	str	d4d:version_access skos:relatedMatch schema:version	@graph[?@type='Dataset']['version']	relatedMatch	minimal	"""All versions available"""	"""All versions available"""				49c24423:legacy-line-95	active	Apply the declared source path within the crate root; do not promote a member value to the root.	
Maintenance	UpdatePlan.frequency	str	d4d:updates.frequency	rai:dataReleaseMaintenancePlan	closeMatch	moderate	"""Quarterly"""	Embedded in maintenance plan string	Structure lost. Retargeted from Maintenance.frequency: the schema has no Maintenance class, and UpdatePlan, the Maintenance module's class under Dataset.updates, carries frequency (#2915).			49c24423:legacy-line-96	active	Apply the declared source path within the crate root; do not promote a member value to the root.	
Maintenance	Maintenance.versioning_strategy	str	d4d:maintenance.versioning_strategy	rai:dataReleaseMaintenancePlan	closeMatch	moderate	"""Semantic versioning"""	Embedded in maintenance plan string	Structure lost	owner_question	The schema has no `Maintenance` class. A versioning strategy fits neither `UpdatePlan.update_details` (planned update types) nor `VersionAccess.version_details` without a judgement.	49c24423:legacy-line-97	retired	Retire inferred versioning extraction; retain complete maintenance plan. Dataset.updates already retains the plan. Do not infer a versioning strategy or equate update plans with prior-version support. Dependency: Historical crosswalk retention.	
FAIRSCAPE EVI	EvidenceMetadata.dataset_count	int	evi:datasetCount	@graph[?@type='Dataset']['evi:datasetCount']	exactMatch	none	330	330	Used in FAIRSCAPE CM4AI - computational provenance	owner_question	No `EvidenceMetadata` class and no slot for FAIRSCAPE evidence-graph counts at schema 3.0.0; adding one is a schema decision.	49c24423:legacy-line-98	deferred	Preserve as upstream-declared crate/release metrics in provenance. Do not reinterpret EVI graph aggregates as participants/files/instances or as counts recomputed from the downloaded graph. Retain zero, units/scope, source entity and release hash. Dependency: Source-metric provenance representation; no seven placeholder Dataset slots.	
FAIRSCAPE EVI	EvidenceMetadata.computation_count	int	evi:computationCount	@graph[?@type='Dataset']['evi:computationCount']	exactMatch	none	312	312	Used in FAIRSCAPE CM4AI - computational provenance	owner_question	No `EvidenceMetadata` class and no slot for FAIRSCAPE evidence-graph counts at schema 3.0.0; adding one is a schema decision.	49c24423:legacy-line-99	deferred	Preserve as upstream-declared crate/release metrics in provenance. Do not reinterpret EVI graph aggregates as participants/files/instances or as counts recomputed from the downloaded graph. Retain zero, units/scope, source entity and release hash. Dependency: Source-metric provenance representation; no seven placeholder Dataset slots.	
FAIRSCAPE EVI	EvidenceMetadata.software_count	int	evi:softwareCount	@graph[?@type='Dataset']['evi:softwareCount']	exactMatch	none	5	5	Used in FAIRSCAPE CM4AI - computational provenance	owner_question	No `EvidenceMetadata` class and no slot for FAIRSCAPE evidence-graph counts at schema 3.0.0; adding one is a schema decision.	49c24423:legacy-line-100	deferred	Preserve as upstream-declared crate/release metrics in provenance. Do not reinterpret EVI graph aggregates as participants/files/instances or as counts recomputed from the downloaded graph. Retain zero, units/scope, source entity and release hash. Dependency: Source-metric provenance representation; no seven placeholder Dataset slots.	
FAIRSCAPE EVI	EvidenceMetadata.schema_count	int	evi:schemaCount	@graph[?@type='Dataset']['evi:schemaCount']	exactMatch	none	20	20	Used in FAIRSCAPE CM4AI - computational provenance	owner_question	No `EvidenceMetadata` class and no slot for FAIRSCAPE evidence-graph counts at schema 3.0.0; adding one is a schema decision.	49c24423:legacy-line-101	deferred	Preserve as upstream-declared crate/release metrics in provenance. Do not reinterpret EVI graph aggregates as participants/files/instances or as counts recomputed from the downloaded graph. Retain zero, units/scope, source entity and release hash. Dependency: Source-metric provenance representation; no seven placeholder Dataset slots.	
FAIRSCAPE EVI	EvidenceMetadata.total_entities	int	evi:totalEntities	@graph[?@type='Dataset']['evi:totalEntities']	exactMatch	none	647	647	Used in FAIRSCAPE CM4AI - total entity count	owner_question	No `EvidenceMetadata` class and no slot for FAIRSCAPE evidence-graph counts at schema 3.0.0; adding one is a schema decision.	49c24423:legacy-line-102	deferred	Preserve as upstream-declared crate/release metrics in provenance. Do not reinterpret EVI graph aggregates as participants/files/instances or as counts recomputed from the downloaded graph. Retain zero, units/scope, source entity and release hash. Dependency: Source-metric provenance representation; no seven placeholder Dataset slots.	
FAIRSCAPE EVI	EvidenceMetadata.entities_with_summary_stats	int	evi:entitiesWithSummaryStats	@graph[?@type='Dataset']['evi:entitiesWithSummaryStats']	exactMatch	none	1	1	Used in FAIRSCAPE CM4AI - summary statistics flag	owner_question	No `EvidenceMetadata` class and no slot for FAIRSCAPE evidence-graph counts at schema 3.0.0; adding one is a schema decision.	49c24423:legacy-line-103	deferred	Preserve as upstream-declared crate/release metrics in provenance. Do not reinterpret EVI graph aggregates as participants/files/instances or as counts recomputed from the downloaded graph. Retain zero, units/scope, source entity and release hash. Dependency: Source-metric provenance representation; no seven placeholder Dataset slots.	
FAIRSCAPE EVI	EvidenceMetadata.entities_with_checksums	int	evi:entitiesWithChecksums	@graph[?@type='Dataset']['evi:entitiesWithChecksums']	exactMatch	none	6	6	Used in FAIRSCAPE CM4AI - checksum availability	owner_question	No `EvidenceMetadata` class and no slot for FAIRSCAPE evidence-graph counts at schema 3.0.0; adding one is a schema decision.	49c24423:legacy-line-104	deferred	Preserve as upstream-declared crate/release metrics in provenance. Do not reinterpret EVI graph aggregates as participants/files/instances or as counts recomputed from the downloaded graph. Retain zero, units/scope, source entity and release hash. Dependency: Source-metric provenance representation; no seven placeholder Dataset slots.	
FAIRSCAPE EVI	EvidenceMetadata.total_content_size_bytes	int	evi:totalContentSizeBytes	@graph[?@type='Dataset']['evi:totalContentSizeBytes']	exactMatch	none	19454700000000	19454700000000	Used in FAIRSCAPE CM4AI - 19.1 TB total size	owner_question	The successor, `Dataset.total_size_bytes`, is already that row's target from the same `evi:totalContentSizeBytes`, so a retarget would place the value twice. Remove the row, or keep it as a documented duplicate.	49c24423:legacy-line-105	retired	Retire duplicate executable row; retain versioned successor record. Existing Dataset.total_size_bytes, distribution_formats and funders rules already preserve the corresponding source properties. Reconcile row counts separately from distinct slots. Dependency: #4384; migration ledger.	
FAIRSCAPE EVI	EvidenceMetadata.formats	List[str]	evi:formats	@graph[?@type='Dataset']['evi:formats']	exactMatch	none	"["".d"", "".tsv"", ""h5ad""]"	"["".d"", "".tsv"", ""h5ad""]"	Used in FAIRSCAPE CM4AI - file format list	owner_question	The successor, `Dataset.distribution_formats`, is already that row's target from the same `evi:formats`, so a retarget would place the value twice. Remove the row, or keep it as a documented duplicate.	49c24423:legacy-line-106	retired	Retire duplicate executable row; retain versioned successor record. Existing Dataset.total_size_bytes, distribution_formats and funders rules already preserve the corresponding source properties. Reconcile row counts separately from distinct slots. Dependency: #4384; migration ledger.	
D4D-Embedded	DatasetCollection.completeness	str	d4d:completeness	@graph[?@type='Dataset']['additionalProperty'][?name='Completeness']['value']	exactMatch	none	"""95% complete"""	"""95% complete"""	additionalProperty pattern	owner_question	No completeness slot at schema 3.0.0; adding one is a schema decision. The crate roots also carry an unprefixed `completeness`, which this path does not read.	49c24423:legacy-line-107	deferred	Preserve root completeness narrative; defer structured quality metric. Root completeness prose differs from member additionalProperty values. Preserve entity scope and qualifiers; do not invent percentages, denominators or quality scores. Dependency: Root-scoped source read; any typed quality extension separately defined.	
D4D-Embedded	DatasetCollection.summary_statistics	str	d4d:summary_statistics	@graph[?@type='Dataset']['hasSummaryStatistics']	exactMatch	none	"""Mean age: 45.2 years"""	"""Mean age: 45.2 years"""	D4D-embedded	owner_question	No summary-statistics slot at schema 3.0.0. No crate carries `hasSummaryStatistics`.	49c24423:legacy-line-108	retired	Retire unobserved active placeholder; retain deferred schema proposal. No matching properties/additionalProperty names occur in the three inspected complete graphs. Future metrics need explicit subject, method, units/denominator and evidence; model accuracy is not dataset quality. Dependency: Concrete source fixtures before schema or extraction changes.	
D4D-Embedded	DatasetCollection.quality_control	str	d4d:quality_control	@graph[?@type='Dataset']['additionalProperty'][?name='Quality Control']['value']	exactMatch	none	"""Automated QC checks"""	"""Automated QC checks"""	additionalProperty pattern	owner_question	No quality-control slot at schema 3.0.0. No crate carries this `additionalProperty`.	49c24423:legacy-line-109	retired	Retire unobserved active placeholder; retain deferred schema proposal. No matching properties/additionalProperty names occur in the three inspected complete graphs. Future metrics need explicit subject, method, units/denominator and evidence; model accuracy is not dataset quality. Dependency: Concrete source fixtures before schema or extraction changes.	
D4D-Embedded	DatasetCollection.funding_and_acknowledgements	str	d4d:funding_and_acknowledgements	@graph[?@type='Dataset']['funder']	closeMatch	minimal	"""NIH R01-123456"""	"""NIH R01-123456"""	Maps to funder	owner_question	The successor, `Dataset.funders`, is already that row's target from the same `funder`. Remove the row, or retarget it to a `FundingMechanism` slot, where it would be reported subsumed.	49c24423:legacy-line-110	retired	Retire duplicate executable row; retain versioned successor record. Existing Dataset.total_size_bytes, distribution_formats and funders rules already preserve the corresponding source properties. Reconcile row counts separately from distinct slots. Dependency: #4384; migration ledger.	
D4D-Embedded	DatasetCollection.provenance_and_lineage	str	d4d:provenance_and_lineage	@graph[?@type='Dataset']['generatedBy']	closeMatch	minimal	"""Derived from study XYZ"""	"{""generatedBy"":{""@id"":""study-xyz""}}"	Maps to generatedBy	owner_question	No provenance or lineage slot at schema 3.0.0. `generatedBy` names the computation that made the data; `Dataset.was_derived_from`, read from `isBasedOn`, names a source, not that.	49c24423:legacy-line-111	deferred	Preserve generatedBy as entity-scoped computation provenance. VOICE values describe member datasets rather than the root. Do not map computation identity to was_derived_from or elevate first child value to project-level lineage. Dependency: Typed provenance relation; preserve subject-predicate-object identity.	
Quality	ValidationMetrics.validation_method	str	d4d:validation_method	@graph[?@type='Dataset']['additionalProperty'][?name='Validation Method']['value']	exactMatch	none	"""10-fold cross-validation"""	"""10-fold cross-validation"""	additionalProperty pattern	owner_question	No `ValidationMetrics` class and no validation-method slot at schema 3.0.0. No crate carries this `additionalProperty`.	49c24423:legacy-line-112	retired	Retire unobserved active placeholder; retain deferred schema proposal. No matching properties/additionalProperty names occur in the three inspected complete graphs. Future metrics need explicit subject, method, units/denominator and evidence; model accuracy is not dataset quality. Dependency: Concrete source fixtures before schema or extraction changes.	
Quality	QualityControl.accuracy	float	d4d:accuracy	@graph[?@type='Dataset']['additionalProperty'][?name='Accuracy']['value']	exactMatch	none	0.95	0.95	additionalProperty pattern	owner_question	No `QualityControl` class and no accuracy slot at schema 3.0.0. No crate carries this `additionalProperty`.	49c24423:legacy-line-113	retired	Retire unobserved active placeholder; retain deferred schema proposal. No matching properties/additionalProperty names occur in the three inspected complete graphs. Future metrics need explicit subject, method, units/denominator and evidence; model accuracy is not dataset quality. Dependency: Concrete source fixtures before schema or extraction changes.	
Quality	QualityControl.data_quality_report	str	d4d:data_quality_report	@graph[?@type='Dataset']['additionalProperty'][?name='Data Quality Report']['value']	exactMatch	none	"""QC report at https://..."""	"""QC report at https://..."""	additionalProperty pattern	owner_question	No `QualityControl` class and no data-quality-report slot at schema 3.0.0. No crate carries this `additionalProperty`.	49c24423:legacy-line-114	retired	Retire unobserved active placeholder; retain deferred schema proposal. No matching properties/additionalProperty names occur in the three inspected complete graphs. Future metrics need explicit subject, method, units/denominator and evidence; model accuracy is not dataset quality. Dependency: Concrete source fixtures before schema or extraction changes.	
Quality	QualityControl.fda_compliant	bool	d4d:fda_compliant	@graph[?@type='Dataset']['fdaRegulated']	exactMatch	none	true	true	D4D-embedded	owner_question	No `QualityControl` class and no FDA slot at schema 3.0.0. `fdaRegulated` is a boolean (CHORUS true, VOICE false); whether `HumanSubjectResearch.regulatory_compliance` or `ExportControlRegulatoryRestrictions.other_compliance` should carry it is a judgement.	49c24423:legacy-line-115	deferred	Reject regulated-to-compliant mapping; preserve regulated assertion separately. true and false are both source assertions, missing/null remains unknown. Keep original key/value; propose explicitly named optional fda_regulated rather than any compliance claim. Dependency: Explicit schema proposal; preserve provenance meanwhile.	
Format	Dataset.dialect	str	d4d:dialect skos:closeMatch schema:encodingFormat	@graph[?@type='Dataset']['encodingFormat']	closeMatch	minimal	"{""delimiter"":"","",""header"":true}"	"""text/csv; header=present; delimiter=,"""	Structured to MIME parameter	out_of_scope	`dialect` is a `File` slot; `File` sits two levels below `Dataset` (`file_collections`, then `FileCollection.resources`), and a row places one level deep.	49c24423:legacy-line-116	deferred	Keep current-arm File/dialect limitation; preserve source evidence and deferred entity-specific mapping. Require actual file identity, collection membership and per-file properties. Root contentUrl is already download_url; format is not encoding. Do not copy root checksums/dialect to every member or infer MIME parameters from prose. Dependency: Dedicated File adapter; resolve FormatDialect.header string versus historical TSV bool.	
Format	Dataset.media_type	str	d4d:media_type skos:closeMatch schema:encodingFormat	@graph[?@type='Dataset']['encodingFormat']	closeMatch	minimal	"""text/csv"""	"""text/csv"""		out_of_scope	`media_type` is a `File` slot; `File` sits two levels below `Dataset` (`file_collections`, then `FileCollection.resources`), and a row places one level deep.	49c24423:legacy-line-117	deferred	Keep current-arm File/dialect limitation; preserve source evidence and deferred entity-specific mapping. Require actual file identity, collection membership and per-file properties. Root contentUrl is already download_url; format is not encoding. Do not copy root checksums/dialect to every member or infer MIME parameters from prose. Dependency: Dedicated File adapter; resolve FormatDialect.header string versus historical TSV bool.	
Format	Dataset.is_tabular	bool	d4d:is_tabular skos:narrowMatch schema:encodingFormat	@graph[?@type='Dataset']['encodingFormat']	narrowMatch	minimal	true	"""text/csv"""	Boolean to format inference			49c24423:legacy-line-118	active	Apply the declared source path within the crate root; do not promote a member value to the root.	
Format	FormatDialect.delimiter	str	d4d:dialect.delimiter	encodingFormat MIME parameter	closeMatch	moderate	""","""	"""delimiter=,"""	Nested property lost	out_of_scope	`FormatDialect` describes one file's CSV dialect, and no `Dataset` slot ranges over it. The source is prose, not a crate path.	49c24423:legacy-line-119	deferred	Keep current-arm File/dialect limitation; preserve source evidence and deferred entity-specific mapping. Require actual file identity, collection membership and per-file properties. Root contentUrl is already download_url; format is not encoding. Do not copy root checksums/dialect to every member or infer MIME parameters from prose. Dependency: Dedicated File adapter; resolve FormatDialect.header string versus historical TSV bool.	
Format	FormatDialect.header	bool	d4d:dialect.header	encodingFormat MIME parameter	closeMatch	moderate	true	"""header=present"""	Nested property lost	out_of_scope	`FormatDialect` describes one file's CSV dialect, and no `Dataset` slot ranges over it. The source is prose, not a crate path.	49c24423:legacy-line-120	deferred	Keep current-arm File/dialect limitation; preserve source evidence and deferred entity-specific mapping. Require actual file identity, collection membership and per-file properties. Root contentUrl is already download_url; format is not encoding. Do not copy root checksums/dialect to every member or infer MIME parameters from prose. Dependency: Dedicated File adapter; resolve FormatDialect.header string versus historical TSV bool.	
Unmapped	Dataset.variables	List[Variable]	No mapping	N/A	unmapped	high	"[{""name"":""age"",""type"":""integer""}]"	N/A - No RO-Crate equivalent	Complex variable schema			49c24423:legacy-line-121	deferred	No executable crate source expression is declared: 'N/A'. Preserve the original proposal; a reachable D4D path alone does not supply source evidence. Add a source-backed rule and fixture before activation (#2915).	
Unmapped	Dataset.sampling_strategies	List[SamplingStrategy]	Partial: d4d:samplingStrategy	@graph[?@type='Dataset']['d4d:samplingStrategy']	relatedMatch	moderate	"[{""strategy"":""stratified"",""details"":""...""}]"	"""Stratified sampling"""	Structured to string			49c24423:legacy-line-122	active	Apply the declared source path within the crate root; do not promote a member value to the root.	
Unmapped	Dataset.subsets	List[Subset]	Partial: schema:hasPart	@graph[?@type='Dataset']['hasPart']	relatedMatch	high	"[{""is_data_split"":""train"",""is_sub_population"":""adults""}]"	"{""hasPart"":[{""name"":""Training set""}]}"	Complex structure lost			49c24423:legacy-line-123	active	Apply the declared source path within the crate root; do not promote a member value to the root.	
Unmapped	Dataset.instances	Instance	Partial: schema:variableMeasured	@graph[?@type='Dataset']['variableMeasured']	relatedMatch	high	"{""data_topic"":""Patient"",""instance_type"":""record"",""counts"":1000}"	"""1000 patient records"""	Structured to string			49c24423:legacy-line-124	active	Apply the declared source path within the crate root; do not promote a member value to the root.	
Unmapped	Dataset.subpopulations	List[SubpopulationElement]	Partial: schema:variableMeasured	@graph[?@type='Dataset']['variableMeasured']	relatedMatch	moderate	"[{""subpopulation_elements_present"":""age,gender""}]"	"""Demographics: age, gender"""	Structured to string			49c24423:legacy-line-125	active	Apply the declared source path within the crate root; do not promote a member value to the root.	
Unmapped	Instance.data_topic	str	No mapping	N/A	unmapped	high	"""Patient"""	N/A	Nested property lost			49c24423:legacy-line-126	deferred	No executable crate source expression is declared: 'N/A'. Preserve the original proposal; a reachable D4D path alone does not supply source evidence. Add a source-backed rule and fixture before activation (#2915).	
Unmapped	Instance.instance_type	str	No mapping	N/A	unmapped	high	"""record"""	N/A	Nested property lost			49c24423:legacy-line-127	deferred	No executable crate source expression is declared: 'N/A'. Preserve the original proposal; a reachable D4D path alone does not supply source evidence. Add a source-backed rule and fixture before activation (#2915).	
Unmapped	Instance.counts	int	No mapping	N/A	unmapped	high	1000	N/A	Nested property lost			49c24423:legacy-line-128	deferred	No executable crate source expression is declared: 'N/A'. Preserve the original proposal; a reachable D4D path alone does not supply source evidence. Add a source-backed rule and fixture before activation (#2915).	
Unmapped	DataSubset.is_data_split	str	No mapping	N/A	unmapped	high	"""train"""	N/A	Nested property lost. Retargeted from Subset.is_data_split: the schema's class is DataSubset (#2915).			49c24423:legacy-line-129	deferred	No executable crate source expression is declared: 'N/A'. Preserve the original proposal; a reachable D4D path alone does not supply source evidence. Add a source-backed rule and fixture before activation (#2915).	
Unmapped	DataSubset.is_subpopulation	str	No mapping	N/A	unmapped	high	"""adults"""	N/A	Nested property lost. Retargeted from Subset.is_sub_population: the schema's class is DataSubset and its slot is_subpopulation (#2915).			49c24423:legacy-line-130	deferred	No executable crate source expression is declared: 'N/A'. Preserve the original proposal; a reachable D4D path alone does not supply source evidence. Add a source-backed rule and fixture before activation (#2915).	
Unmapped	VariableMetadata.variable_name	str	No mapping	N/A	unmapped	high	"""age"""	N/A	Variable schema unsupported. Retargeted from Variable.name: the schema's class is VariableMetadata and its name slot variable_name (#2915).			49c24423:legacy-line-131	deferred	No executable crate source expression is declared: 'N/A'. Preserve the original proposal; a reachable D4D path alone does not supply source evidence. Add a source-backed rule and fixture before activation (#2915).	
Unmapped	VariableMetadata.data_type	str	No mapping	N/A	unmapped	high	"""integer"""	N/A	Variable schema unsupported. Retargeted from Variable.type: the schema's class is VariableMetadata and its type slot data_type (#2915).			49c24423:legacy-line-132	deferred	No executable crate source expression is declared: 'N/A'. Preserve the original proposal; a reachable D4D path alone does not supply source evidence. Add a source-backed rule and fixture before activation (#2915).	
Unmapped	SamplingStrategy.strategies	str	Partial	d4d:samplingStrategy	relatedMatch	moderate	"""stratified"""	Embedded in string	Type lost. Retargeted from SamplingStrategy.strategy_type, which is not a slot; strategies names the sampling strategies used (#2915).			49c24423:legacy-line-133	deferred	No executable crate source expression is declared: 'd4d:samplingStrategy'. Preserve the original proposal; a reachable D4D path alone does not supply source evidence. Add a source-backed rule and fixture before activation (#2915).	
Unmapped	SamplingStrategy.description	str	Partial	d4d:samplingStrategy	relatedMatch	moderate	"""Stratified by age groups"""	Embedded in string	Detail lost. Retargeted from SamplingStrategy.details, which is not a slot; the class's free text is description, as for the other strategy rows (#2915).			49c24423:legacy-line-134	deferred	No executable crate source expression is declared: 'd4d:samplingStrategy'. Preserve the original proposal; a reachable D4D path alone does not supply source evidence. Add a source-backed rule and fixture before activation (#2915).	
Basic Metadata	Dataset.name	str	d4d:name skos:exactMatch schema:name	@graph[?@type='Dataset']['name']	exactMatch	none	"""CHoRUS RO-Crate Package"""	"""CHoRUS RO-Crate Package"""	Same crate source as Dataset.title; crates expose one 'name' while D4D distinguishes name (human-readable) from title (official).			49c24423:legacy-line-135	active	Apply the declared source path within the crate root; do not promote a member value to the root.	
Basic Metadata	Dataset.citation	str	d4d:citation skos:exactMatch schema:citation	@graph[?@type='Dataset']['citation']	exactMatch	none	"""The CHoRUS for Clinical Care AI Network... Apr. 2026."""	"""The CHoRUS for Clinical Care AI Network... Apr. 2026."""	Present in all three crates.			49c24423:legacy-line-136	active	Apply the declared source path within the crate root; do not promote a member value to the root.	
FAIRSCAPE EVI	Dataset.total_size_bytes	int	d4d:total_size_bytes skos:exactMatch evi:totalContentSizeBytes	@graph[?@type='Dataset']['evi:totalContentSizeBytes']	exactMatch	none	1319413953331	1319413953331	Deliberately NOT mapped from 'contentSize', which is a rounded human string ('1.2 tb') and would yield false precision: CHORUS's exact size is 1,319,413,953,331 bytes but '1.2 tb' parses to 1.2e12, a ~9% error presented as an exact byte count. evi:totalContentSizeBytes is exact but present only in CM4AI; the other crates correctly report this field as empty.			49c24423:legacy-line-137	active	Apply the declared source path within the crate root; do not promote a member value to the root.	
