label,project,method,arm,date,audit_artifact,audit_status,drawn,exclusion,canonical,findings_total,findings_unsupported claim,findings_missing supported information,findings_inconsistent identifier/count,findings_dataset/release/temporal scope error,findings_other,severity_high,severity_major,severity_moderate,severity_medium,severity_low,severity_minor,severity_info,severity_unclassified,repair_rounds_applied,final_record_equals,before_artifact,after_artifact,fields_removed,fields_added,fields_changed,caveats_added,leaves_before,leaves_after
2026-08-06_claude-opus-5-1m-generic-v3-schema2_rep1,AI_READI,claudecode_agent,baseline,2026-08-06,data/d4d_concatenated/claudecode_agent_core/2026-08-06_claude-opus-5-1m-generic-v3-schema2_rep1/intermediate/AI_READI_audit.json,accepted: applied to the full record (reconcile_full),True,,canonical,29,6,6,5,4,8,2,0,0,10,17,0,0,0,3,AI_READI_repair_full_r3.yaml,data/d4d_concatenated/claudecode_agent_core/2026-08-06_claude-opus-5-1m-generic-v3-schema2_rep1/intermediate/AI_READI_full.yaml,data/d4d_concatenated/claudecode_agent/2026-08-06_claude-opus-5-1m-generic-v3-schema2_rep1/AI_READI_d4d.yaml,61,130,89,0,842,911
2026-08-06_claude-opus-5-1m-generic-v3-schema2_rep1,CHORUS,claudecode_agent,baseline,2026-08-06,data/d4d_concatenated/claudecode_agent_core/2026-08-06_claude-opus-5-1m-generic-v3-schema2_rep1/intermediate/CHORUS_audit.json,accepted: applied to the full record (reconcile_full),True,,canonical,32,3,4,4,1,20,2,0,0,10,20,0,0,0,1,CHORUS_repair_full_r1.yaml,data/d4d_concatenated/claudecode_agent_core/2026-08-06_claude-opus-5-1m-generic-v3-schema2_rep1/intermediate/CHORUS_full.yaml,data/d4d_concatenated/claudecode_agent/2026-08-06_claude-opus-5-1m-generic-v3-schema2_rep1/CHORUS_d4d.yaml,15,31,28,0,215,231
2026-08-06_claude-opus-5-1m-generic-v3-schema2_rep2,AI_READI,claudecode_agent,baseline,2026-08-06,data/d4d_concatenated/claudecode_agent_core/2026-08-06_claude-opus-5-1m-generic-v3-schema2_rep2/intermediate/AI_READI_audit.json,accepted: applied to the full record (reconcile_full),True,,canonical,41,6,10,6,1,18,2,0,0,12,27,0,0,0,3,AI_READI_repair_full_r3.yaml,data/d4d_concatenated/claudecode_agent_core/2026-08-06_claude-opus-5-1m-generic-v3-schema2_rep2/intermediate/AI_READI_full.yaml,data/d4d_concatenated/claudecode_agent/2026-08-06_claude-opus-5-1m-generic-v3-schema2_rep2/AI_READI_d4d.yaml,472,14,29,0,803,345
2026-08-06_claude-opus-5-1m-generic-v3-schema2_rep2,CHORUS,claudecode_agent,baseline,2026-08-06,data/d4d_concatenated/claudecode_agent_core/2026-08-06_claude-opus-5-1m-generic-v3-schema2_rep2/intermediate/CHORUS_audit.json,accepted: applied to the full record (reconcile_full),True,,canonical,62,6,18,8,1,29,2,0,0,21,39,0,0,0,1,CHORUS_repair_full_r1.yaml,data/d4d_concatenated/claudecode_agent_core/2026-08-06_claude-opus-5-1m-generic-v3-schema2_rep2/intermediate/CHORUS_full.yaml,data/d4d_concatenated/claudecode_agent/2026-08-06_claude-opus-5-1m-generic-v3-schema2_rep2/CHORUS_d4d.yaml,30,31,43,0,237,238
2026-08-06_claude-opus-5-1m-generic-v3-schema2_rep3,AI_READI,claudecode_agent,baseline,2026-08-06,data/d4d_concatenated/claudecode_agent_core/2026-08-06_claude-opus-5-1m-generic-v3-schema2_rep3/intermediate/AI_READI_audit.json,accepted: applied to the full record (reconcile_full),True,,canonical,31,1,11,6,3,10,2,0,0,8,21,0,0,0,2,AI_READI_repair_full_r2.yaml,data/d4d_concatenated/claudecode_agent_core/2026-08-06_claude-opus-5-1m-generic-v3-schema2_rep3/intermediate/AI_READI_full.yaml,data/d4d_concatenated/claudecode_agent/2026-08-06_claude-opus-5-1m-generic-v3-schema2_rep3/AI_READI_d4d.yaml,55,40,67,0,677,662
2026-08-06_claude-opus-5-1m-generic-v3-schema2_rep3,CHORUS,claudecode_agent,baseline,2026-08-06,data/d4d_concatenated/claudecode_agent_core/2026-08-06_claude-opus-5-1m-generic-v3-schema2_rep3/intermediate/CHORUS_audit.json,accepted: applied to the full record (reconcile_full),True,,canonical,21,1,8,3,2,7,2,0,0,7,8,0,4,0,2,CHORUS_repair_full_r2.yaml,data/d4d_concatenated/claudecode_agent_core/2026-08-06_claude-opus-5-1m-generic-v3-schema2_rep3/intermediate/CHORUS_full.yaml,data/d4d_concatenated/claudecode_agent/2026-08-06_claude-opus-5-1m-generic-v3-schema2_rep3/CHORUS_d4d.yaml,16,10,12,0,255,249
2026-08-11_claude-opus-5-api-generic_rep1,AI_READI,claudecode_agent,baseline,2026-08-11,data/d4d_concatenated/claudecode_agent_core/2026-08-11_claude-opus-5-api-generic_rep1/intermediate/AI_READI_audit.json,accepted: applied to the full record (reconcile_full),True,,canonical,31,7,4,7,5,8,2,0,0,10,19,0,0,0,3,AI_READI_repair_full_r3_2.yaml,data/d4d_concatenated/claudecode_agent_core/2026-08-11_claude-opus-5-api-generic_rep1/intermediate/AI_READI_full.yaml,data/d4d_concatenated/claudecode_agent/2026-08-11_claude-opus-5-api-generic_rep1/AI_READI_d4d.yaml,56,101,54,11,634,679
2026-08-11_claude-opus-5-api-generic_rep1,CHORUS,claudecode_agent,baseline,2026-08-11,data/d4d_concatenated/claudecode_agent_core/2026-08-11_claude-opus-5-api-generic_rep1/intermediate/CHORUS_audit.json,accepted: applied to the full record (reconcile_full),True,,canonical,25,9,2,2,4,8,5,0,0,9,11,0,0,0,2,CHORUS_repair_full_r2.yaml,data/d4d_concatenated/claudecode_agent_core/2026-08-11_claude-opus-5-api-generic_rep1/intermediate/CHORUS_full.yaml,data/d4d_concatenated/claudecode_agent/2026-08-11_claude-opus-5-api-generic_rep1/CHORUS_d4d.yaml,51,26,36,13,249,224
2026-08-13_claude-opus-5-api-generic-v4_rep1,AI_READI,claudecode_agent,baseline,2026-08-13,data/d4d_concatenated/claudecode_agent_core/2026-08-13_claude-opus-5-api-generic-v4_rep1/intermediate/AI_READI_audit.json,accepted: applied to the full record (reconcile_full),True,,canonical,38,6,13,11,2,6,5,0,0,17,13,0,3,0,2,none,data/d4d_concatenated/claudecode_agent_core/2026-08-13_claude-opus-5-api-generic-v4_rep1/intermediate/AI_READI_full.yaml,data/d4d_concatenated/claudecode_agent/2026-08-13_claude-opus-5-api-generic-v4_rep1/AI_READI_d4d.yaml,75,208,53,7,660,793
2026-08-13_claude-opus-5-api-generic-v4_rep1,CHORUS,claudecode_agent,baseline,2026-08-13,data/d4d_concatenated/claudecode_agent_core/2026-08-13_claude-opus-5-api-generic-v4_rep1/intermediate/CHORUS_audit.json,accepted: applied to the full record (reconcile_full),True,,canonical,33,3,9,12,1,8,4,0,0,11,18,0,0,0,1,CHORUS_repair_full_r1.yaml,data/d4d_concatenated/claudecode_agent_core/2026-08-13_claude-opus-5-api-generic-v4_rep1/intermediate/CHORUS_full.yaml,data/d4d_concatenated/claudecode_agent/2026-08-13_claude-opus-5-api-generic-v4_rep1/CHORUS_d4d.yaml,40,18,19,7,393,371
2026-08-13_claude-opus-5-api-generic-v4_rep1,CM4AI,claudecode_agent,baseline,2026-08-13,data/d4d_concatenated/claudecode_agent_core/2026-08-13_claude-opus-5-api-generic-v4_rep1/intermediate/CM4AI_audit.json,accepted: applied to the full record (reconcile_full),True,,canonical,26,8,3,4,1,10,4,0,0,8,10,0,4,0,1,none,data/d4d_concatenated/claudecode_agent_core/2026-08-13_claude-opus-5-api-generic-v4_rep1/intermediate/CM4AI_full.yaml,data/d4d_concatenated/claudecode_agent/2026-08-13_claude-opus-5-api-generic-v4_rep1/CM4AI_d4d.yaml,47,35,32,3,490,478
2026-08-13_claude-opus-5-api-generic-v4_rep1,VOICE,claudecode_agent,baseline,2026-08-13,data/d4d_concatenated/claudecode_agent_core/2026-08-13_claude-opus-5-api-generic-v4_rep1/intermediate/VOICE_audit.json,accepted: applied to the full record (reconcile_full),True,,canonical,21,5,2,2,2,10,3,0,0,7,11,0,0,0,2,none,data/d4d_concatenated/claudecode_agent_core/2026-08-13_claude-opus-5-api-generic-v4_rep1/intermediate/VOICE_full.yaml,data/d4d_concatenated/claudecode_agent/2026-08-13_claude-opus-5-api-generic-v4_rep1/VOICE_d4d.yaml,298,166,316,16,776,644
2026-08-13_claude-opus-5-api-generic-v4_rep2,AI_READI,claudecode_agent,baseline,2026-08-13,data/d4d_concatenated/claudecode_agent_core/2026-08-13_claude-opus-5-api-generic-v4_rep2/intermediate/AI_READI_audit.json,accepted: applied to the full record (reconcile_full),True,,canonical,19,5,2,2,1,9,2,0,0,6,9,0,2,0,3,none,data/d4d_concatenated/claudecode_agent_core/2026-08-13_claude-opus-5-api-generic-v4_rep2/intermediate/AI_READI_full.yaml,data/d4d_concatenated/claudecode_agent/2026-08-13_claude-opus-5-api-generic-v4_rep2/AI_READI_d4d.yaml,107,20,41,9,690,603
2026-08-13_claude-opus-5-api-generic-v4_rep2,CHORUS,claudecode_agent,baseline,2026-08-13,data/d4d_concatenated/claudecode_agent_core/2026-08-13_claude-opus-5-api-generic-v4_rep2/intermediate/CHORUS_audit.json,accepted: applied to the full record (reconcile_full),True,,canonical,20,6,0,2,0,12,2,0,0,7,11,0,0,0,1,CHORUS_repair_full_r1.yaml,data/d4d_concatenated/claudecode_agent_core/2026-08-13_claude-opus-5-api-generic-v4_rep2/intermediate/CHORUS_full.yaml,data/d4d_concatenated/claudecode_agent/2026-08-13_claude-opus-5-api-generic-v4_rep2/CHORUS_d4d.yaml,36,11,8,5,258,233
2026-08-13_claude-opus-5-api-generic-v4_rep2,CM4AI,claudecode_agent,baseline,2026-08-13,data/d4d_concatenated/claudecode_agent_core/2026-08-13_claude-opus-5-api-generic-v4_rep2/intermediate/CM4AI_audit.json,accepted: applied to the full record (reconcile_full),True,,canonical,32,9,6,6,1,10,3,0,0,9,20,0,0,0,2,none,data/d4d_concatenated/claudecode_agent_core/2026-08-13_claude-opus-5-api-generic-v4_rep2/intermediate/CM4AI_full.yaml,data/d4d_concatenated/claudecode_agent/2026-08-13_claude-opus-5-api-generic-v4_rep2/CM4AI_d4d.yaml,68,294,56,27,504,730
2026-08-13_claude-opus-5-api-generic-v4_rep2,VOICE,claudecode_agent,baseline,2026-08-13,data/d4d_concatenated/claudecode_agent_core/2026-08-13_claude-opus-5-api-generic-v4_rep2/intermediate/VOICE_audit.json,accepted: applied to the full record (reconcile_full),True,,canonical,19,3,7,4,1,4,2,0,0,4,13,0,0,0,3,none,data/d4d_concatenated/claudecode_agent_core/2026-08-13_claude-opus-5-api-generic-v4_rep2/intermediate/VOICE_full.yaml,data/d4d_concatenated/claudecode_agent/2026-08-13_claude-opus-5-api-generic-v4_rep2/VOICE_d4d.yaml,72,33,9,7,682,643
2026-08-13_claude-opus-5-api-generic-v4_rep3,AI_READI,claudecode_agent,baseline,2026-08-13,data/d4d_concatenated/claudecode_agent_core/2026-08-13_claude-opus-5-api-generic-v4_rep3/intermediate/AI_READI_audit.json,accepted: applied to the full record (reconcile_full),True,,canonical,22,7,10,1,0,4,3,0,0,7,12,0,0,0,2,none,data/d4d_concatenated/claudecode_agent_core/2026-08-13_claude-opus-5-api-generic-v4_rep3/intermediate/AI_READI_full.yaml,data/d4d_concatenated/claudecode_agent/2026-08-13_claude-opus-5-api-generic-v4_rep3/AI_READI_d4d.yaml,56,79,37,8,630,653
2026-08-13_claude-opus-5-api-generic-v4_rep3,CHORUS,claudecode_agent,baseline,2026-08-13,data/d4d_concatenated/claudecode_agent_core/2026-08-13_claude-opus-5-api-generic-v4_rep3/intermediate/CHORUS_audit.json,accepted: applied to the full record (reconcile_full),True,,canonical,32,10,2,7,1,12,4,0,0,11,17,0,0,0,2,CHORUS_repair_full_r2.yaml,data/d4d_concatenated/claudecode_agent_core/2026-08-13_claude-opus-5-api-generic-v4_rep3/intermediate/CHORUS_full.yaml,data/d4d_concatenated/claudecode_agent/2026-08-13_claude-opus-5-api-generic-v4_rep3/CHORUS_d4d.yaml,49,34,17,10,274,259
2026-08-13_claude-opus-5-api-generic-v4_rep3,CM4AI,claudecode_agent,baseline,2026-08-13,data/d4d_concatenated/claudecode_agent_core/2026-08-13_claude-opus-5-api-generic-v4_rep3/intermediate/CM4AI_audit.json,accepted: applied to the full record (reconcile_full),True,,canonical,57,7,11,13,7,19,3,0,0,28,26,0,0,0,2,none,data/d4d_concatenated/claudecode_agent_core/2026-08-13_claude-opus-5-api-generic-v4_rep3/intermediate/CM4AI_full.yaml,data/d4d_concatenated/claudecode_agent/2026-08-13_claude-opus-5-api-generic-v4_rep3/CM4AI_d4d.yaml,93,233,102,16,483,623
2026-08-13_claude-opus-5-api-generic-v4_rep3,VOICE,claudecode_agent,baseline,2026-08-13,data/d4d_concatenated/claudecode_agent_core/2026-08-13_claude-opus-5-api-generic-v4_rep3/intermediate/VOICE_audit.json,accepted: applied to the full record (reconcile_full),True,,canonical,20,6,3,0,2,9,3,0,0,7,10,0,0,0,2,none,data/d4d_concatenated/claudecode_agent_core/2026-08-13_claude-opus-5-api-generic-v4_rep3/intermediate/VOICE_full.yaml,data/d4d_concatenated/claudecode_agent/2026-08-13_claude-opus-5-api-generic-v4_rep3/VOICE_d4d.yaml,86,56,31,20,635,605
2026-08-13_claude-opus-5-api-generic_rep1,CHORUS,claudecode_agent,baseline,2026-08-13,data/d4d_concatenated/claudecode_agent_core/2026-08-13_claude-opus-5-api-generic_rep1/intermediate/CHORUS_audit.json,accepted: applied to the full record (reconcile_full),True,,canonical,46,6,12,6,4,18,3,0,0,27,16,0,0,0,1,CHORUS_repair_full_r1.yaml,data/d4d_concatenated/claudecode_agent_core/2026-08-13_claude-opus-5-api-generic_rep1/intermediate/CHORUS_full.yaml,data/d4d_concatenated/claudecode_agent/2026-08-13_claude-opus-5-api-generic_rep1/CHORUS_d4d.yaml,67,57,47,15,308,298
2026-08-16_claude-opus-5-api-generic-v5_rep1,AI_READI,claudecode_agent,baseline,2026-08-16,data/d4d_concatenated/claudecode_agent_core/2026-08-16_claude-opus-5-api-generic-v5_rep1/intermediate/AI_READI_audit.json,accepted: applied to the full record (reconcile_full),True,,canonical,24,5,5,2,2,10,2,0,0,7,12,0,3,0,1,AI_READI_repair_full_r1.yaml,data/d4d_concatenated/claudecode_agent_core/2026-08-16_claude-opus-5-api-generic-v5_rep1/intermediate/AI_READI_full.yaml,data/d4d_concatenated/claudecode_agent/2026-08-16_claude-opus-5-api-generic-v5_rep1/AI_READI_d4d.yaml,26,60,16,1,648,682
2026-08-19_claude-opus-5-api-generic-v5_rep1,AI_READI,claudecode_agent,baseline,2026-08-19,data/d4d_concatenated/claudecode_agent_core/2026-08-19_claude-opus-5-api-generic-v5_rep1/intermediate/AI_READI_audit.json,accepted: applied to the full record (reconcile_full),True,,canonical,57,7,15,10,4,21,10,0,0,27,20,0,0,0,1,AI_READI_repair_full_r1.yaml,data/d4d_concatenated/claudecode_agent_core/2026-08-19_claude-opus-5-api-generic-v5_rep1/intermediate/AI_READI_full.yaml,data/d4d_concatenated/claudecode_agent/2026-08-19_claude-opus-5-api-generic-v5_rep1/AI_READI_d4d.yaml,46,67,84,6,718,739
2026-08-20_claude-opus-5-api-generic-v5_rep1,AI_READI,claudecode_agent,baseline,2026-08-20,data/d4d_concatenated/claudecode_agent_core/2026-08-20_claude-opus-5-api-generic-v5_rep1/intermediate/AI_READI_audit.json,accepted: applied to the full record (reconcile_full),True,,canonical,45,5,13,8,0,19,2,0,0,9,31,0,3,0,1,AI_READI_repair_full_r1.yaml,data/d4d_concatenated/claudecode_agent_core/2026-08-20_claude-opus-5-api-generic-v5_rep1/intermediate/AI_READI_full.yaml,data/d4d_concatenated/claudecode_agent/2026-08-20_claude-opus-5-api-generic-v5_rep1/AI_READI_d4d.yaml,63,153,43,20,575,665
2026-08-20b_claude-opus-5-api-generic-v5_rep1,AI_READI,claudecode_agent,baseline,2026-08-20,data/d4d_concatenated/claudecode_agent_core/2026-08-20b_claude-opus-5-api-generic-v5_rep1/intermediate/AI_READI_audit.json,accepted: applied to the full record (reconcile_full),True,,superseded,26,5,9,4,3,5,5,0,0,8,13,0,0,0,1,AI_READI_repair_full_r1.yaml,data/d4d_concatenated/claudecode_agent_core/2026-08-20b_claude-opus-5-api-generic-v5_rep1/intermediate/AI_READI_full.yaml,data/d4d_concatenated/claudecode_agent/2026-08-20b_claude-opus-5-api-generic-v5_rep1/AI_READI_d4d.yaml,24,14,17,4,617,607
2026-08-20b_claude-opus-5-api-generic-v5_rep1,CHORUS,claudecode_agent,baseline,2026-08-20,data/d4d_concatenated/claudecode_agent_core/2026-08-20b_claude-opus-5-api-generic-v5_rep1/intermediate/CHORUS_audit.json,accepted: applied to the full record (reconcile_full),True,,canonical,37,6,7,5,0,19,4,0,0,10,18,0,5,0,1,CHORUS_repair_full_r1.yaml,data/d4d_concatenated/claudecode_agent_core/2026-08-20b_claude-opus-5-api-generic-v5_rep1/intermediate/CHORUS_full.yaml,data/d4d_concatenated/claudecode_agent/2026-08-20b_claude-opus-5-api-generic-v5_rep1/CHORUS_d4d.yaml,17,31,28,20,274,288
2026-08-20b_claude-opus-5-api-generic-v5_rep1,CM4AI,claudecode_agent,baseline,2026-08-20,data/d4d_concatenated/claudecode_agent_core/2026-08-20b_claude-opus-5-api-generic-v5_rep1/intermediate/CM4AI_audit.json,accepted: applied to the full record (reconcile_full),True,,superseded,40,10,14,4,2,10,8,0,0,15,17,0,0,0,1,CM4AI_repair_full_r1.yaml,data/d4d_concatenated/claudecode_agent_core/2026-08-20b_claude-opus-5-api-generic-v5_rep1/intermediate/CM4AI_full.yaml,data/d4d_concatenated/claudecode_agent/2026-08-20b_claude-opus-5-api-generic-v5_rep1/CM4AI_d4d.yaml,79,134,42,16,437,492
2026-08-20b_claude-opus-5-api-generic-v5_rep1,VOICE,claudecode_agent,baseline,2026-08-20,data/d4d_concatenated/claudecode_agent_core/2026-08-20b_claude-opus-5-api-generic-v5_rep1/intermediate/VOICE_audit.json,accepted: applied to the full record (reconcile_full),True,,superseded,29,5,5,8,1,10,2,0,0,11,12,0,4,0,1,VOICE_repair_full_r1.yaml,data/d4d_concatenated/claudecode_agent_core/2026-08-20b_claude-opus-5-api-generic-v5_rep1/intermediate/VOICE_full.yaml,data/d4d_concatenated/claudecode_agent/2026-08-20b_claude-opus-5-api-generic-v5_rep1/VOICE_d4d.yaml,72,62,16,4,518,508
2026-08-20b_claude-opus-5-api-generic-v5_rep2,AI_READI,claudecode_agent,baseline,2026-08-20,data/d4d_concatenated/claudecode_agent_core/2026-08-20b_claude-opus-5-api-generic-v5_rep2/intermediate/AI_READI_audit.json,accepted: applied to the full record (reconcile_full),True,,canonical,50,21,7,11,1,10,4,0,0,22,24,0,0,0,1,AI_READI_repair_full_r1.yaml,data/d4d_concatenated/claudecode_agent_core/2026-08-20b_claude-opus-5-api-generic-v5_rep2/intermediate/AI_READI_full.yaml,data/d4d_concatenated/claudecode_agent/2026-08-20b_claude-opus-5-api-generic-v5_rep2/AI_READI_d4d.yaml,29,61,78,8,716,748
2026-08-20b_claude-opus-5-api-generic-v5_rep2,CHORUS,claudecode_agent,baseline,2026-08-20,data/d4d_concatenated/claudecode_agent_core/2026-08-20b_claude-opus-5-api-generic-v5_rep2/intermediate/CHORUS_audit.json,accepted: applied to the full record (reconcile_full),True,,canonical,17,4,4,2,2,5,0,0,0,5,12,0,0,0,1,CHORUS_repair_full_r1.yaml,data/d4d_concatenated/claudecode_agent_core/2026-08-20b_claude-opus-5-api-generic-v5_rep2/intermediate/CHORUS_full.yaml,data/d4d_concatenated/claudecode_agent/2026-08-20b_claude-opus-5-api-generic-v5_rep2/CHORUS_d4d.yaml,26,18,17,8,192,184
2026-08-20b_claude-opus-5-api-generic-v5_rep2,CM4AI,claudecode_agent,baseline,2026-08-20,data/d4d_concatenated/claudecode_agent_core/2026-08-20b_claude-opus-5-api-generic-v5_rep2/intermediate/CM4AI_audit.json,accepted: applied to the full record (reconcile_full),True,,canonical,13,1,5,2,1,4,2,0,0,6,5,0,0,0,1,CM4AI_repair_full_r1.yaml,data/d4d_concatenated/claudecode_agent_core/2026-08-20b_claude-opus-5-api-generic-v5_rep2/intermediate/CM4AI_full.yaml,data/d4d_concatenated/claudecode_agent/2026-08-20b_claude-opus-5-api-generic-v5_rep2/CM4AI_d4d.yaml,55,85,22,4,360,390
2026-08-20b_claude-opus-5-api-generic-v5_rep2,VOICE,claudecode_agent,baseline,2026-08-20,data/d4d_concatenated/claudecode_agent_core/2026-08-20b_claude-opus-5-api-generic-v5_rep2/intermediate/VOICE_audit.json,accepted: applied to the full record (reconcile_full),True,,canonical,24,3,8,1,2,10,6,0,0,8,10,0,0,0,1,VOICE_repair_full_r1.yaml,data/d4d_concatenated/claudecode_agent_core/2026-08-20b_claude-opus-5-api-generic-v5_rep2/intermediate/VOICE_full.yaml,data/d4d_concatenated/claudecode_agent/2026-08-20b_claude-opus-5-api-generic-v5_rep2/VOICE_d4d.yaml,36,33,18,3,502,499
2026-08-20b_claude-opus-5-api-generic-v5_rep3,AI_READI,claudecode_agent,baseline,2026-08-20,data/d4d_concatenated/claudecode_agent_core/2026-08-20b_claude-opus-5-api-generic-v5_rep3/intermediate/AI_READI_audit.json,accepted: applied to the full record (reconcile_full),True,,canonical,55,3,11,9,3,29,3,0,0,12,40,0,0,0,1,AI_READI_repair_full_r1.yaml,data/d4d_concatenated/claudecode_agent_core/2026-08-20b_claude-opus-5-api-generic-v5_rep3/intermediate/AI_READI_full.yaml,data/d4d_concatenated/claudecode_agent/2026-08-20b_claude-opus-5-api-generic-v5_rep3/AI_READI_d4d.yaml,28,38,64,3,528,538
2026-08-20b_claude-opus-5-api-generic-v5_rep3,CHORUS,claudecode_agent,baseline,2026-08-20,data/d4d_concatenated/claudecode_agent_core/2026-08-20b_claude-opus-5-api-generic-v5_rep3/intermediate/CHORUS_audit.json,accepted: applied to the full record (reconcile_full),True,,superseded,41,6,5,8,1,21,6,0,0,14,21,0,0,0,1,CHORUS_repair_full_r1.yaml,data/d4d_concatenated/claudecode_agent_core/2026-08-20b_claude-opus-5-api-generic-v5_rep3/intermediate/CHORUS_full.yaml,data/d4d_concatenated/claudecode_agent/2026-08-20b_claude-opus-5-api-generic-v5_rep3/CHORUS_d4d.yaml,21,25,14,14,237,241
2026-08-20b_claude-opus-5-api-generic-v5_rep3,CM4AI,claudecode_agent,baseline,2026-08-20,data/d4d_concatenated/claudecode_agent_core/2026-08-20b_claude-opus-5-api-generic-v5_rep3/intermediate/CM4AI_audit.json,accepted: applied to the full record (reconcile_full),True,,canonical,41,8,9,11,3,10,2,0,0,15,22,0,2,0,1,CM4AI_repair_full_r1.yaml,data/d4d_concatenated/claudecode_agent_core/2026-08-20b_claude-opus-5-api-generic-v5_rep3/intermediate/CM4AI_full.yaml,data/d4d_concatenated/claudecode_agent/2026-08-20b_claude-opus-5-api-generic-v5_rep3/CM4AI_d4d.yaml,49,160,47,24,439,550
2026-08-20b_claude-opus-5-api-generic-v5_rep3,VOICE,claudecode_agent,baseline,2026-08-20,data/d4d_concatenated/claudecode_agent_core/2026-08-20b_claude-opus-5-api-generic-v5_rep3/intermediate/VOICE_audit.json,accepted: applied to the full record (reconcile_full),True,,canonical,31,6,5,4,5,11,4,0,0,12,15,0,0,0,1,VOICE_repair_full_r1.yaml,data/d4d_concatenated/claudecode_agent_core/2026-08-20b_claude-opus-5-api-generic-v5_rep3/intermediate/VOICE_full.yaml,data/d4d_concatenated/claudecode_agent/2026-08-20b_claude-opus-5-api-generic-v5_rep3/VOICE_d4d.yaml,41,25,22,2,466,450
2026-08-22_claude-opus-5-api-generic-v5_rep1,AI_READI,claudecode_agent,baseline,2026-08-22,data/d4d_concatenated/claudecode_agent_core/2026-08-22_claude-opus-5-api-generic-v5_rep1/intermediate/AI_READI_audit.json,accepted: applied to the full record (reconcile_full),True,,canonical,37,6,14,6,0,11,3,0,0,15,19,0,0,0,1,AI_READI_repair_full_r1.yaml,data/d4d_concatenated/claudecode_agent_core/2026-08-22_claude-opus-5-api-generic-v5_rep1/intermediate/AI_READI_full.yaml,data/d4d_concatenated/claudecode_agent/2026-08-22_claude-opus-5-api-generic-v5_rep1/AI_READI_d4d.yaml,67,469,126,12,676,1078
2026-08-22b_claude-opus-5-api-generic-v5_rep1,AI_READI,claudecode_agent,baseline,2026-08-22,data/d4d_concatenated/claudecode_agent_core/2026-08-22b_claude-opus-5-api-generic-v5_rep1/intermediate/AI_READI_audit.json,accepted: applied to the full record (reconcile_full),True,,canonical,27,5,7,8,0,7,3,0,0,7,13,0,4,0,1,AI_READI_repair_full_r1.yaml,data/d4d_concatenated/claudecode_agent_core/2026-08-22b_claude-opus-5-api-generic-v5_rep1/intermediate/AI_READI_full.yaml,data/d4d_concatenated/claudecode_agent/2026-08-22b_claude-opus-5-api-generic-v5_rep1/AI_READI_d4d.yaml,55,62,15,6,696,703
2026-08-22c_claude-opus-5-api-generic-v5_rep1,AI_READI,claudecode_agent,baseline,2026-08-22,data/d4d_concatenated/claudecode_agent_core/2026-08-22c_claude-opus-5-api-generic-v5_rep1/intermediate/AI_READI_audit.json,accepted: applied to the full record (reconcile_full),True,,canonical,49,0,3,11,3,32,6,0,0,23,20,0,0,0,1,AI_READI_repair_full_r1.yaml,data/d4d_concatenated/claudecode_agent_core/2026-08-22c_claude-opus-5-api-generic-v5_rep1/intermediate/AI_READI_full.yaml,data/d4d_concatenated/claudecode_agent/2026-08-22c_claude-opus-5-api-generic-v5_rep1/AI_READI_d4d.yaml,20,81,47,5,597,658
2026-08-22c_claude-opus-5-api-generic-v5_rep1,CHORUS,claudecode_agent,baseline,2026-08-22,data/d4d_concatenated/claudecode_agent_core/2026-08-22c_claude-opus-5-api-generic-v5_rep1/intermediate/CHORUS_audit.json,accepted: applied to the full record (reconcile_full),True,,canonical,25,5,4,6,0,10,4,0,0,6,11,0,4,0,1,CHORUS_repair_full_r1.yaml,data/d4d_concatenated/claudecode_agent_core/2026-08-22c_claude-opus-5-api-generic-v5_rep1/intermediate/CHORUS_full.yaml,data/d4d_concatenated/claudecode_agent/2026-08-22c_claude-opus-5-api-generic-v5_rep1/CHORUS_d4d.yaml,16,22,9,13,228,234
2026-08-22c_claude-opus-5-api-generic-v5_rep1,CM4AI,claudecode_agent,baseline,2026-08-22,data/d4d_concatenated/claudecode_agent_core/2026-08-22c_claude-opus-5-api-generic-v5_rep1/intermediate/CM4AI_audit.json,accepted: applied to the full record (reconcile_full),True,,superseded,14,3,2,2,0,7,3,0,0,4,7,0,0,0,1,CM4AI_repair_full_r1.yaml,data/d4d_concatenated/claudecode_agent_core/2026-08-22c_claude-opus-5-api-generic-v5_rep1/intermediate/CM4AI_full.yaml,data/d4d_concatenated/claudecode_agent/2026-08-22c_claude-opus-5-api-generic-v5_rep1/CM4AI_d4d.yaml,109,153,34,6,478,522
2026-08-22c_claude-opus-5-api-generic-v5_rep1,VOICE,claudecode_agent,baseline,2026-08-22,data/d4d_concatenated/claudecode_agent_core/2026-08-22c_claude-opus-5-api-generic-v5_rep1/intermediate/VOICE_audit.json,accepted: applied to the full record (reconcile_full),True,,canonical,29,3,15,3,2,6,2,0,0,7,20,0,0,0,1,VOICE_repair_full_r1.yaml,data/d4d_concatenated/claudecode_agent_core/2026-08-22c_claude-opus-5-api-generic-v5_rep1/intermediate/VOICE_full.yaml,data/d4d_concatenated/claudecode_agent/2026-08-22c_claude-opus-5-api-generic-v5_rep1/VOICE_d4d.yaml,65,28,22,4,493,456
2026-08-22c_claude-opus-5-api-generic-v5_rep2,AI_READI,claudecode_agent,baseline,2026-08-22,data/d4d_concatenated/claudecode_agent_core/2026-08-22c_claude-opus-5-api-generic-v5_rep2/intermediate/AI_READI_audit.json,accepted: applied to the full record (reconcile_full),True,,superseded,33,7,4,9,0,13,2,0,0,10,19,0,2,0,1,AI_READI_repair_full_r1.yaml,data/d4d_concatenated/claudecode_agent_core/2026-08-22c_claude-opus-5-api-generic-v5_rep2/intermediate/AI_READI_full.yaml,data/d4d_concatenated/claudecode_agent/2026-08-22c_claude-opus-5-api-generic-v5_rep2/AI_READI_d4d.yaml,53,275,117,10,647,869
2026-08-22c_claude-opus-5-api-generic-v5_rep2,CHORUS,claudecode_agent,baseline,2026-08-22,data/d4d_concatenated/claudecode_agent_core/2026-08-22c_claude-opus-5-api-generic-v5_rep2/intermediate/CHORUS_audit.json,accepted: applied to the full record (reconcile_full),True,,canonical,35,9,4,6,1,15,2,0,0,17,16,0,0,0,1,CHORUS_repair_full_r1.yaml,data/d4d_concatenated/claudecode_agent_core/2026-08-22c_claude-opus-5-api-generic-v5_rep2/intermediate/CHORUS_full.yaml,data/d4d_concatenated/claudecode_agent/2026-08-22c_claude-opus-5-api-generic-v5_rep2/CHORUS_d4d.yaml,37,22,20,3,237,222
2026-08-22c_claude-opus-5-api-generic-v5_rep2,CM4AI,claudecode_agent,baseline,2026-08-22,data/d4d_concatenated/claudecode_agent_core/2026-08-22c_claude-opus-5-api-generic-v5_rep2/intermediate/CM4AI_audit.json,accepted: applied to the full record (reconcile_full),True,,canonical,34,8,12,2,1,11,5,0,0,10,19,0,0,0,1,CM4AI_repair_full_r1.yaml,data/d4d_concatenated/claudecode_agent_core/2026-08-22c_claude-opus-5-api-generic-v5_rep2/intermediate/CM4AI_full.yaml,data/d4d_concatenated/claudecode_agent/2026-08-22c_claude-opus-5-api-generic-v5_rep2/CM4AI_d4d.yaml,143,134,14,16,503,494
2026-08-22c_claude-opus-5-api-generic-v5_rep2,VOICE,claudecode_agent,baseline,2026-08-22,data/d4d_concatenated/claudecode_agent_core/2026-08-22c_claude-opus-5-api-generic-v5_rep2/intermediate/VOICE_audit.json,accepted: applied to the full record (reconcile_full),True,,superseded,18,4,4,6,0,4,2,0,0,6,10,0,0,0,1,VOICE_repair_full_r1.yaml,data/d4d_concatenated/claudecode_agent_core/2026-08-22c_claude-opus-5-api-generic-v5_rep2/intermediate/VOICE_full.yaml,data/d4d_concatenated/claudecode_agent/2026-08-22c_claude-opus-5-api-generic-v5_rep2/VOICE_d4d.yaml,70,35,21,1,614,579
2026-08-22c_claude-opus-5-api-generic-v5_rep3,AI_READI,claudecode_agent,baseline,2026-08-22,data/d4d_concatenated/claudecode_agent_core/2026-08-22c_claude-opus-5-api-generic-v5_rep3/intermediate/AI_READI_audit.json,accepted: applied to the full record (reconcile_full),True,,canonical,24,1,5,7,0,11,0,0,0,4,17,0,3,0,1,AI_READI_repair_full_r1.yaml,data/d4d_concatenated/claudecode_agent_core/2026-08-22c_claude-opus-5-api-generic-v5_rep3/intermediate/AI_READI_full.yaml,data/d4d_concatenated/claudecode_agent/2026-08-22c_claude-opus-5-api-generic-v5_rep3/AI_READI_d4d.yaml,17,61,60,4,605,649
2026-08-22c_claude-opus-5-api-generic-v5_rep3,CHORUS,claudecode_agent,baseline,2026-08-22,data/d4d_concatenated/claudecode_agent_core/2026-08-22c_claude-opus-5-api-generic-v5_rep3/intermediate/CHORUS_audit.json,accepted: applied to the full record (reconcile_full),True,,superseded,34,10,5,6,0,13,3,0,0,12,19,0,0,0,1,CHORUS_repair_full_r1.yaml,data/d4d_concatenated/claudecode_agent_core/2026-08-22c_claude-opus-5-api-generic-v5_rep3/intermediate/CHORUS_full.yaml,data/d4d_concatenated/claudecode_agent/2026-08-22c_claude-opus-5-api-generic-v5_rep3/CHORUS_d4d.yaml,16,30,14,20,297,311
2026-08-22c_claude-opus-5-api-generic-v5_rep3,CM4AI,claudecode_agent,baseline,2026-08-22,data/d4d_concatenated/claudecode_agent_core/2026-08-22c_claude-opus-5-api-generic-v5_rep3/intermediate/CM4AI_audit.json,accepted: applied to the full record (reconcile_full),True,,canonical,81,9,34,15,1,22,5,0,0,46,30,0,0,0,1,CM4AI_repair_full_r1.yaml,data/d4d_concatenated/claudecode_agent_core/2026-08-22c_claude-opus-5-api-generic-v5_rep3/intermediate/CM4AI_full.yaml,data/d4d_concatenated/claudecode_agent/2026-08-22c_claude-opus-5-api-generic-v5_rep3/CM4AI_d4d.yaml,28,125,26,8,340,437
2026-08-22c_claude-opus-5-api-generic-v5_rep3,VOICE,claudecode_agent,baseline,2026-08-22,data/d4d_concatenated/claudecode_agent_core/2026-08-22c_claude-opus-5-api-generic-v5_rep3/intermediate/VOICE_audit.json,accepted: applied to the full record (reconcile_full),True,,canonical,36,8,11,4,2,11,2,0,0,15,19,0,0,0,1,VOICE_repair_full_r1.yaml,data/d4d_concatenated/claudecode_agent_core/2026-08-22c_claude-opus-5-api-generic-v5_rep3/intermediate/VOICE_full.yaml,data/d4d_concatenated/claudecode_agent/2026-08-22c_claude-opus-5-api-generic-v5_rep3/VOICE_d4d.yaml,47,47,30,10,458,458
2026-08-28_claude-opus-5-api-generic-v7_rep1,CHORUS,claudecode_agent,baseline,2026-08-28,data/d4d_concatenated/claudecode_agent_core/2026-08-28_claude-opus-5-api-generic-v7_rep1/intermediate/CHORUS_audit.json,accepted: applied to the full record (reconcile_full),True,,canonical,20,5,6,3,1,5,4,0,0,7,9,0,0,0,1,CHORUS_repair_full_r1.yaml,data/d4d_concatenated/claudecode_agent_core/2026-08-28_claude-opus-5-api-generic-v7_rep1/intermediate/CHORUS_full.yaml,data/d4d_concatenated/claudecode_agent/2026-08-28_claude-opus-5-api-generic-v7_rep1/CHORUS_d4d.yaml,12,30,17,14,207,225
2026-08-28b_claude-opus-5-api-generic-v7_rep1,AI_READI,claudecode_agent,baseline,2026-08-28,data/d4d_concatenated/claudecode_agent_core/2026-08-28b_claude-opus-5-api-generic-v7_rep1/intermediate/AI_READI_audit.json,accepted: applied to the full record (reconcile_full),True,,canonical,17,2,4,3,1,7,0,0,0,4,13,0,0,0,1,AI_READI_repair_full_r1.yaml,data/d4d_concatenated/claudecode_agent_core/2026-08-28b_claude-opus-5-api-generic-v7_rep1/intermediate/AI_READI_full.yaml,data/d4d_concatenated/claudecode_agent/2026-08-28b_claude-opus-5-api-generic-v7_rep1/AI_READI_d4d.yaml,14,39,10,6,441,466
2026-08-28b_claude-opus-5-api-generic-v7_rep1,CHORUS,claudecode_agent,baseline,2026-08-28,data/d4d_concatenated/claudecode_agent_core/2026-08-28b_claude-opus-5-api-generic-v7_rep1/intermediate/CHORUS_audit.json,accepted: applied to the full record (reconcile_full),True,,canonical,17,5,0,4,1,7,1,0,0,7,9,0,0,0,1,CHORUS_repair_full_r1.yaml,data/d4d_concatenated/claudecode_agent_core/2026-08-28b_claude-opus-5-api-generic-v7_rep1/intermediate/CHORUS_full.yaml,data/d4d_concatenated/claudecode_agent/2026-08-28b_claude-opus-5-api-generic-v7_rep1/CHORUS_d4d.yaml,37,19,21,6,230,212
2026-08-28c_claude-opus-5-api-generic-v7_rep1,AI_READI,claudecode_agent,baseline,2026-08-28,data/d4d_concatenated/claudecode_agent_core/2026-08-28c_claude-opus-5-api-generic-v7_rep1/intermediate/AI_READI_audit.json,accepted: applied to the full record (reconcile_full),True,,canonical,51,5,6,8,5,27,6,0,0,32,13,0,0,0,1,AI_READI_repair_full_r1.yaml,data/d4d_concatenated/claudecode_agent_core/2026-08-28c_claude-opus-5-api-generic-v7_rep1/intermediate/AI_READI_full.yaml,data/d4d_concatenated/claudecode_agent/2026-08-28c_claude-opus-5-api-generic-v7_rep1/AI_READI_d4d.yaml,24,63,44,11,431,470
2026-08-28d_claude-opus-5-api-generic-v7_rep1,AI_READI,claudecode_agent,baseline,2026-08-28,data/d4d_concatenated/claudecode_agent_core/2026-08-28d_claude-opus-5-api-generic-v7_rep1/intermediate/AI_READI_audit.json,accepted: applied to the full record (reconcile_full),True,,canonical,25,1,14,5,0,5,6,0,0,10,9,0,0,0,1,AI_READI_repair_full_r1.yaml,data/d4d_concatenated/claudecode_agent_core/2026-08-28d_claude-opus-5-api-generic-v7_rep1/intermediate/AI_READI_full.yaml,data/d4d_concatenated/claudecode_agent/2026-08-28d_claude-opus-5-api-generic-v7_rep1/AI_READI_d4d.yaml,13,256,21,15,469,712
2026-09-01_claude-opus-5-api-generic-v7_rep1,AI_READI,claudecode_agent,baseline,2026-09-01,data/d4d_concatenated/claudecode_agent_core/2026-09-01_claude-opus-5-api-generic-v7_rep1/intermediate/AI_READI_audit.json,accepted: applied to the full record (reconcile_full),True,,superseded,16,2,3,2,2,7,0,1,0,0,0,11,4,0,1,AI_READI_repair_full_r1.yaml,data/d4d_concatenated/claudecode_agent_core/2026-09-01_claude-opus-5-api-generic-v7_rep1/intermediate/AI_READI_full.yaml,data/d4d_concatenated/claudecode_agent/2026-09-01_claude-opus-5-api-generic-v7_rep1/AI_READI_d4d.yaml,51,28,42,6,619,596
2026-09-01_claude-opus-5-api-generic-v7_rep1,CHORUS,claudecode_agent,baseline,2026-09-01,data/d4d_concatenated/claudecode_agent_core/2026-09-01_claude-opus-5-api-generic-v7_rep1/intermediate/CHORUS_audit.json,accepted: applied to the full record (reconcile_full),True,,superseded,42,12,10,6,2,12,11,0,0,31,0,0,0,0,1,CHORUS_repair_full_r1.yaml,data/d4d_concatenated/claudecode_agent_core/2026-09-01_claude-opus-5-api-generic-v7_rep1/intermediate/CHORUS_full.yaml,data/d4d_concatenated/claudecode_agent/2026-09-01_claude-opus-5-api-generic-v7_rep1/CHORUS_d4d.yaml,19,39,30,16,201,221
2026-09-01_claude-opus-5-api-generic-v7_rep1,CM4AI,claudecode_agent,baseline,2026-09-01,data/d4d_concatenated/claudecode_agent_core/2026-09-01_claude-opus-5-api-generic-v7_rep1/intermediate/CM4AI_audit.json,accepted: applied to the full record (reconcile_full),True,,canonical,29,9,5,5,1,9,7,0,0,7,15,0,0,0,1,CM4AI_repair_full_r1.yaml,data/d4d_concatenated/claudecode_agent_core/2026-09-01_claude-opus-5-api-generic-v7_rep1/intermediate/CM4AI_full.yaml,data/d4d_concatenated/claudecode_agent/2026-09-01_claude-opus-5-api-generic-v7_rep1/CM4AI_d4d.yaml,76,69,18,2,493,486
2026-09-01_claude-opus-5-api-generic-v7_rep1,VOICE,claudecode_agent,baseline,2026-09-01,data/d4d_concatenated/claudecode_agent_core/2026-09-01_claude-opus-5-api-generic-v7_rep1/intermediate/VOICE_audit.json,accepted: applied to the full record (reconcile_full),True,,superseded,13,1,3,2,4,3,1,0,0,3,9,0,0,0,1,VOICE_repair_full_r1.yaml,data/d4d_concatenated/claudecode_agent_core/2026-09-01_claude-opus-5-api-generic-v7_rep1/intermediate/VOICE_full.yaml,data/d4d_concatenated/claudecode_agent/2026-09-01_claude-opus-5-api-generic-v7_rep1/VOICE_d4d.yaml,29,31,11,3,307,309
2026-09-01_claude-opus-5-api-generic-v7_rep2,AI_READI,claudecode_agent,baseline,2026-09-01,data/d4d_concatenated/claudecode_agent_core/2026-09-01_claude-opus-5-api-generic-v7_rep2/intermediate/AI_READI_audit.json,accepted: applied to the full record (reconcile_full),True,,superseded,23,8,5,5,0,5,1,0,0,8,14,0,0,0,1,AI_READI_repair_full_r1.yaml,data/d4d_concatenated/claudecode_agent_core/2026-09-01_claude-opus-5-api-generic-v7_rep2/intermediate/AI_READI_full.yaml,data/d4d_concatenated/claudecode_agent/2026-09-01_claude-opus-5-api-generic-v7_rep2/AI_READI_d4d.yaml,46,20,18,13,527,501
2026-09-01_claude-opus-5-api-generic-v7_rep2,CHORUS,claudecode_agent,baseline,2026-09-01,data/d4d_concatenated/claudecode_agent_core/2026-09-01_claude-opus-5-api-generic-v7_rep2/intermediate/CHORUS_audit.json,accepted: applied to the full record (reconcile_full),True,,canonical,15,5,2,1,1,6,1,0,5,0,9,0,0,0,1,CHORUS_repair_full_r1.yaml,data/d4d_concatenated/claudecode_agent_core/2026-09-01_claude-opus-5-api-generic-v7_rep2/intermediate/CHORUS_full.yaml,data/d4d_concatenated/claudecode_agent/2026-09-01_claude-opus-5-api-generic-v7_rep2/CHORUS_d4d.yaml,23,21,10,3,186,184
2026-09-01_claude-opus-5-api-generic-v7_rep2,CM4AI,claudecode_agent,baseline,2026-09-01,data/d4d_concatenated/claudecode_agent_core/2026-09-01_claude-opus-5-api-generic-v7_rep2/intermediate/CM4AI_audit.json,accepted: applied to the full record (reconcile_full),True,,superseded,21,8,2,3,1,7,3,0,0,5,13,0,0,0,1,CM4AI_repair_full_r1.yaml,data/d4d_concatenated/claudecode_agent_core/2026-09-01_claude-opus-5-api-generic-v7_rep2/intermediate/CM4AI_full.yaml,data/d4d_concatenated/claudecode_agent/2026-09-01_claude-opus-5-api-generic-v7_rep2/CM4AI_d4d.yaml,45,40,25,16,513,508
2026-09-01_claude-opus-5-api-generic-v7_rep2,VOICE,claudecode_agent,baseline,2026-09-01,data/d4d_concatenated/claudecode_agent_core/2026-09-01_claude-opus-5-api-generic-v7_rep2/intermediate/VOICE_audit.json,accepted: applied to the full record (reconcile_full),True,,superseded,23,1,9,2,4,7,1,0,0,4,18,0,0,0,1,none,data/d4d_concatenated/claudecode_agent_core/2026-09-01_claude-opus-5-api-generic-v7_rep2/intermediate/VOICE_full.yaml,data/d4d_concatenated/claudecode_agent/2026-09-01_claude-opus-5-api-generic-v7_rep2/VOICE_d4d.yaml,30,56,9,2,353,379
2026-09-01_claude-opus-5-api-generic-v7_rep3,AI_READI,claudecode_agent,baseline,2026-09-01,data/d4d_concatenated/claudecode_agent_core/2026-09-01_claude-opus-5-api-generic-v7_rep3/intermediate/AI_READI_audit.json,accepted: applied to the full record (reconcile_full),True,,canonical,84,8,17,22,4,33,7,0,0,51,26,0,0,0,1,none,data/d4d_concatenated/claudecode_agent_core/2026-09-01_claude-opus-5-api-generic-v7_rep3/intermediate/AI_READI_full.yaml,data/d4d_concatenated/claudecode_agent/2026-09-01_claude-opus-5-api-generic-v7_rep3/AI_READI_d4d.yaml,17,90,65,11,398,471
2026-09-01_claude-opus-5-api-generic-v7_rep3,CHORUS,claudecode_agent,baseline,2026-09-01,data/d4d_concatenated/claudecode_agent_core/2026-09-01_claude-opus-5-api-generic-v7_rep3/intermediate/CHORUS_audit.json,accepted: applied to the full record (reconcile_full),True,,canonical,11,5,2,4,0,0,2,0,0,4,5,0,0,0,1,CHORUS_repair_full_r1.yaml,data/d4d_concatenated/claudecode_agent_core/2026-09-01_claude-opus-5-api-generic-v7_rep3/intermediate/CHORUS_full.yaml,data/d4d_concatenated/claudecode_agent/2026-09-01_claude-opus-5-api-generic-v7_rep3/CHORUS_d4d.yaml,54,16,8,4,266,228
2026-09-01_claude-opus-5-api-generic-v7_rep3,CM4AI,claudecode_agent,baseline,2026-09-01,data/d4d_concatenated/claudecode_agent_core/2026-09-01_claude-opus-5-api-generic-v7_rep3/intermediate/CM4AI_audit.json,accepted: applied to the full record (reconcile_full),True,,canonical,23,11,4,2,2,4,3,0,0,7,13,0,0,0,1,CM4AI_repair_full_r1.yaml,data/d4d_concatenated/claudecode_agent_core/2026-09-01_claude-opus-5-api-generic-v7_rep3/intermediate/CM4AI_full.yaml,data/d4d_concatenated/claudecode_agent/2026-09-01_claude-opus-5-api-generic-v7_rep3/CM4AI_d4d.yaml,32,80,50,10,361,409
2026-09-01_claude-opus-5-api-generic-v7_rep3,VOICE,claudecode_agent,baseline,2026-09-01,data/d4d_concatenated/claudecode_agent_core/2026-09-01_claude-opus-5-api-generic-v7_rep3/intermediate/VOICE_audit.json,accepted: applied to the full record (reconcile_full),True,,canonical,13,4,1,2,0,6,0,2,3,0,0,8,0,0,1,VOICE_repair_full_r1.yaml,data/d4d_concatenated/claudecode_agent_core/2026-09-01_claude-opus-5-api-generic-v7_rep3/intermediate/VOICE_full.yaml,data/d4d_concatenated/claudecode_agent/2026-09-01_claude-opus-5-api-generic-v7_rep3/VOICE_d4d.yaml,43,206,14,10,341,504
gate_test,CHORUS,claudecode_agent,baseline,gate_test,data/d4d_concatenated/claudecode_agent_core/gate_test/intermediate/CHORUS_audit.json,accepted: applied to the full record (reconcile_full),False,"runner gate test, not an experiment",canonical,19,5,2,3,2,7,0,0,0,6,13,0,0,0,1,CHORUS_repair_full_r1.yaml,data/d4d_concatenated/claudecode_agent_core/gate_test/intermediate/CHORUS_full.yaml,data/d4d_concatenated/claudecode_agent/gate_test/CHORUS_d4d.yaml,25,32,40,5,365,372
2026-09-04_claude-opus-5-api-generic-v8_rep1,CM4AI,claudecode_api,baseline,2026-09-04,data/d4d_concatenated/claudecode_api_core/2026-09-04_claude-opus-5-api-generic-v8_rep1/intermediate/CM4AI_audit.json,accepted: applied to the full record (reconcile_full),True,,canonical,16,4,2,5,1,4,0,3,0,0,0,13,0,0,1,CM4AI_repair_full_r1.yaml,data/d4d_concatenated/claudecode_api_core/2026-09-04_claude-opus-5-api-generic-v8_rep1/intermediate/CM4AI_full.yaml,data/d4d_concatenated/claudecode_api/2026-09-04_claude-opus-5-api-generic-v8_rep1/CM4AI_d4d.yaml,91,21,28,1,487,417
2026-09-04b_claude-opus-5-api-generic-v8_rep1,CM4AI,claudecode_api,baseline,2026-09-04,data/d4d_concatenated/claudecode_api_core/2026-09-04b_claude-opus-5-api-generic-v8_rep1/intermediate/CM4AI_audit.json,accepted: applied to the full record (reconcile_full),True,,canonical,25,8,3,8,1,5,5,0,0,11,9,0,0,0,1,CM4AI_repair_full_r1.yaml,data/d4d_concatenated/claudecode_api_core/2026-09-04b_claude-opus-5-api-generic-v8_rep1/intermediate/CM4AI_full.yaml,data/d4d_concatenated/claudecode_api/2026-09-04b_claude-opus-5-api-generic-v8_rep1/CM4AI_d4d.yaml,100,31,145,13,553,484
2026-09-04c_claude-opus-5-api-generic-v8_rep1,CM4AI,claudecode_api,baseline,2026-09-04,data/d4d_concatenated/claudecode_api_core/2026-09-04c_claude-opus-5-api-generic-v8_rep1/intermediate/CM4AI_audit.json,accepted: applied to the full record (reconcile_full),True,,canonical,7,1,0,3,1,2,0,0,0,1,6,0,0,0,0,CM4AI_reconcile_full.yaml,data/d4d_concatenated/claudecode_api_core/2026-09-04c_claude-opus-5-api-generic-v8_rep1/intermediate/CM4AI_full.yaml,data/d4d_concatenated/claudecode_api/2026-09-04c_claude-opus-5-api-generic-v8_rep1/CM4AI_d4d.yaml,1,0,2,1,500,499
2026-09-04d_claude-opus-5-api-generic-v8_rep1,VOICE,claudecode_api,baseline,2026-09-04,data/d4d_concatenated/claudecode_api_core/2026-09-04d_claude-opus-5-api-generic-v8_rep1/intermediate/VOICE_audit.json,accepted: applied to the full record (reconcile_full),True,,canonical,94,12,16,10,14,42,46,0,0,48,0,0,0,0,1,VOICE_repair_full_r1.yaml,data/d4d_concatenated/claudecode_api_core/2026-09-04d_claude-opus-5-api-generic-v8_rep1/intermediate/VOICE_full.yaml,data/d4d_concatenated/claudecode_api/2026-09-04d_claude-opus-5-api-generic-v8_rep1/VOICE_d4d.yaml,63,85,62,13,407,429
2026-09-04e_claude-opus-5-api-generic-v8_rep1,VOICE,claudecode_api,baseline,2026-09-04,data/d4d_concatenated/claudecode_api_core/2026-09-04e_claude-opus-5-api-generic-v8_rep1/intermediate/VOICE_audit.json,accepted: applied to the full record (reconcile_full),True,,canonical,14,2,2,1,3,6,0,0,0,4,10,0,0,0,1,VOICE_repair_full_r1.yaml,data/d4d_concatenated/claudecode_api_core/2026-09-04e_claude-opus-5-api-generic-v8_rep1/intermediate/VOICE_full.yaml,data/d4d_concatenated/claudecode_api/2026-09-04e_claude-opus-5-api-generic-v8_rep1/VOICE_d4d.yaml,29,84,20,6,429,484
2026-09-04f_claude-opus-5-api-generic-v8_rep1,AI_READI,claudecode_api,baseline,2026-09-04,data/d4d_concatenated/claudecode_api_core/2026-09-04f_claude-opus-5-api-generic-v8_rep1/intermediate/AI_READI_audit.json,accepted: applied to the full record (reconcile_full),True,,canonical,17,3,2,1,3,8,0,0,0,4,13,0,0,0,1,AI_READI_repair_full_r1.yaml,data/d4d_concatenated/claudecode_api_core/2026-09-04f_claude-opus-5-api-generic-v8_rep1/intermediate/AI_READI_full.yaml,data/d4d_concatenated/claudecode_api/2026-09-04f_claude-opus-5-api-generic-v8_rep1/AI_READI_d4d.yaml,25,34,25,13,535,544
2026-09-04f_claude-opus-5-api-generic-v8_rep1,CHORUS,claudecode_api,baseline,2026-09-04,data/d4d_concatenated/claudecode_api_core/2026-09-04f_claude-opus-5-api-generic-v8_rep1/intermediate/CHORUS_audit.json,accepted: applied to the full record (reconcile_full),True,,canonical,13,3,0,2,2,6,0,0,0,4,9,0,0,0,1,CHORUS_repair_full_r1.yaml,data/d4d_concatenated/claudecode_api_core/2026-09-04f_claude-opus-5-api-generic-v8_rep1/intermediate/CHORUS_full.yaml,data/d4d_concatenated/claudecode_api/2026-09-04f_claude-opus-5-api-generic-v8_rep1/CHORUS_d4d.yaml,52,18,8,6,288,254
2026-09-04f_claude-opus-5-api-generic-v8_rep1,VOICE,claudecode_api,baseline,2026-09-04,data/d4d_concatenated/claudecode_api_core/2026-09-04f_claude-opus-5-api-generic-v8_rep1/intermediate/VOICE_audit.json,accepted: applied to the full record (reconcile_full),True,,canonical,15,5,3,2,4,1,0,0,0,4,11,0,0,0,1,VOICE_repair_full_r1.yaml,data/d4d_concatenated/claudecode_api_core/2026-09-04f_claude-opus-5-api-generic-v8_rep1/intermediate/VOICE_full.yaml,data/d4d_concatenated/claudecode_api/2026-09-04f_claude-opus-5-api-generic-v8_rep1/VOICE_d4d.yaml,36,20,13,3,434,418
2026-09-04f_claude-opus-5-api-generic-v8_rep2,CHORUS,claudecode_api,baseline,2026-09-04,data/d4d_concatenated/claudecode_api_core/2026-09-04f_claude-opus-5-api-generic-v8_rep2/intermediate/CHORUS_audit.json,accepted: applied to the full record (reconcile_full),True,,canonical,15,2,1,3,2,7,0,0,0,6,9,0,0,0,1,CHORUS_repair_full_r1.yaml,data/d4d_concatenated/claudecode_api_core/2026-09-04f_claude-opus-5-api-generic-v8_rep2/intermediate/CHORUS_full.yaml,data/d4d_concatenated/claudecode_api/2026-09-04f_claude-opus-5-api-generic-v8_rep2/CHORUS_d4d.yaml,9,17,42,6,287,295
2026-09-04f_claude-opus-5-api-generic-v8_rep2,VOICE,claudecode_api,baseline,2026-09-04,data/d4d_concatenated/claudecode_api_core/2026-09-04f_claude-opus-5-api-generic-v8_rep2/intermediate/VOICE_audit.json,accepted: applied to the full record (reconcile_full),True,,canonical,16,4,1,1,5,5,0,1,0,0,0,13,2,0,1,VOICE_repair_full_r1.yaml,data/d4d_concatenated/claudecode_api_core/2026-09-04f_claude-opus-5-api-generic-v8_rep2/intermediate/VOICE_full.yaml,data/d4d_concatenated/claudecode_api/2026-09-04f_claude-opus-5-api-generic-v8_rep2/VOICE_d4d.yaml,57,14,19,5,371,328
2026-09-04f_claude-opus-5-api-generic-v8_rep3,CHORUS,claudecode_api,baseline,2026-09-04,data/d4d_concatenated/claudecode_api_core/2026-09-04f_claude-opus-5-api-generic-v8_rep3/intermediate/CHORUS_audit.json,accepted: applied to the full record (reconcile_full),True,,canonical,22,5,2,5,4,6,0,0,0,7,15,0,0,0,1,CHORUS_repair_full_r1.yaml,data/d4d_concatenated/claudecode_api_core/2026-09-04f_claude-opus-5-api-generic-v8_rep3/intermediate/CHORUS_full.yaml,data/d4d_concatenated/claudecode_api/2026-09-04f_claude-opus-5-api-generic-v8_rep3/CHORUS_d4d.yaml,34,16,27,6,286,268
2026-09-04f_claude-opus-5-api-generic-v8_rep3,VOICE,claudecode_api,baseline,2026-09-04,data/d4d_concatenated/claudecode_api_core/2026-09-04f_claude-opus-5-api-generic-v8_rep3/intermediate/VOICE_audit.json,accepted: applied to the full record (reconcile_full),True,,canonical,16,3,1,3,4,5,0,0,0,9,7,0,0,0,1,VOICE_repair_full_r1.yaml,data/d4d_concatenated/claudecode_api_core/2026-09-04f_claude-opus-5-api-generic-v8_rep3/intermediate/VOICE_full.yaml,data/d4d_concatenated/claudecode_api/2026-09-04f_claude-opus-5-api-generic-v8_rep3/VOICE_d4d.yaml,44,17,15,2,487,460
2026-09-04g_claude-opus-5-api-generic-v8_rep1,AI_READI,claudecode_api,baseline,2026-09-04,data/d4d_concatenated/claudecode_api_core/2026-09-04g_claude-opus-5-api-generic-v8_rep1/intermediate/AI_READI_audit.json,accepted: applied to the full record (reconcile_full),True,,canonical,25,1,10,4,2,8,2,0,0,5,18,0,0,0,1,AI_READI_repair_full_r1.yaml,data/d4d_concatenated/claudecode_api_core/2026-09-04g_claude-opus-5-api-generic-v8_rep1/intermediate/AI_READI_full.yaml,data/d4d_concatenated/claudecode_api/2026-09-04g_claude-opus-5-api-generic-v8_rep1/AI_READI_d4d.yaml,13,16,21,4,543,546
2026-09-04g_claude-opus-5-api-generic-v8_rep1,CM4AI,claudecode_api,baseline,2026-09-04,data/d4d_concatenated/claudecode_api_core/2026-09-04g_claude-opus-5-api-generic-v8_rep1/intermediate/CM4AI_audit.json,accepted: applied to the full record (reconcile_full),True,,canonical,6,1,1,1,1,2,0,0,0,0,6,0,0,0,1,CM4AI_repair_full_r1.yaml,data/d4d_concatenated/claudecode_api_core/2026-09-04g_claude-opus-5-api-generic-v8_rep1/intermediate/CM4AI_full.yaml,data/d4d_concatenated/claudecode_api/2026-09-04g_claude-opus-5-api-generic-v8_rep1/CM4AI_d4d.yaml,4,4,3,3,457,457
2026-09-04g_claude-opus-5-api-generic-v8_rep2,AI_READI,claudecode_api,baseline,2026-09-04,data/d4d_concatenated/claudecode_api_core/2026-09-04g_claude-opus-5-api-generic-v8_rep2/intermediate/AI_READI_audit.json,accepted: applied to the full record (reconcile_full),True,,canonical,17,1,1,5,2,8,0,0,0,5,12,0,0,0,1,AI_READI_repair_full_r1.yaml,data/d4d_concatenated/claudecode_api_core/2026-09-04g_claude-opus-5-api-generic-v8_rep2/intermediate/AI_READI_full.yaml,data/d4d_concatenated/claudecode_api/2026-09-04g_claude-opus-5-api-generic-v8_rep2/AI_READI_d4d.yaml,44,29,32,6,578,563
2026-09-04g_claude-opus-5-api-generic-v8_rep2,CM4AI,claudecode_api,baseline,2026-09-04,data/d4d_concatenated/claudecode_api_core/2026-09-04g_claude-opus-5-api-generic-v8_rep2/intermediate/CM4AI_audit.json,accepted: applied to the full record (reconcile_full),True,,canonical,19,5,1,5,4,4,2,0,0,6,11,0,0,0,1,CM4AI_repair_full_r1.yaml,data/d4d_concatenated/claudecode_api_core/2026-09-04g_claude-opus-5-api-generic-v8_rep2/intermediate/CM4AI_full.yaml,data/d4d_concatenated/claudecode_api/2026-09-04g_claude-opus-5-api-generic-v8_rep2/CM4AI_d4d.yaml,27,21,32,3,507,501
2026-09-04g_claude-opus-5-api-generic-v8_rep3,AI_READI,claudecode_api,baseline,2026-09-04,data/d4d_concatenated/claudecode_api_core/2026-09-04g_claude-opus-5-api-generic-v8_rep3/intermediate/AI_READI_audit.json,accepted: applied to the full record (reconcile_full),True,,canonical,14,4,2,4,1,3,1,0,0,2,11,0,0,0,1,AI_READI_repair_full_r1.yaml,data/d4d_concatenated/claudecode_api_core/2026-09-04g_claude-opus-5-api-generic-v8_rep3/intermediate/AI_READI_full.yaml,data/d4d_concatenated/claudecode_api/2026-09-04g_claude-opus-5-api-generic-v8_rep3/AI_READI_d4d.yaml,31,15,11,3,488,472
2026-09-04g_claude-opus-5-api-generic-v8_rep3,CM4AI,claudecode_api,baseline,2026-09-04,data/d4d_concatenated/claudecode_api_core/2026-09-04g_claude-opus-5-api-generic-v8_rep3/intermediate/CM4AI_audit.json,accepted: applied to the full record (reconcile_full),True,,canonical,23,5,2,7,2,7,4,0,5,0,14,0,0,0,1,CM4AI_repair_full_r1.yaml,data/d4d_concatenated/claudecode_api_core/2026-09-04g_claude-opus-5-api-generic-v8_rep3/intermediate/CM4AI_full.yaml,data/d4d_concatenated/claudecode_api/2026-09-04g_claude-opus-5-api-generic-v8_rep3/CM4AI_d4d.yaml,39,51,100,1,495,507
2026-09-12_claude-opus-5-api-generic-v9_rep1,CHORUS,claudecode_api,baseline,2026-09-12,data/d4d_concatenated/claudecode_api_core/2026-09-12_claude-opus-5-api-generic-v9_rep1/intermediate/CHORUS_audit.json,accepted: applied to the full record (reconcile_full),True,,canonical,23,4,1,5,4,9,3,0,0,7,13,0,0,0,1,CHORUS_repair_full_r1.yaml,data/d4d_concatenated/claudecode_api_core/2026-09-12_claude-opus-5-api-generic-v9_rep1/intermediate/CHORUS_full.yaml,data/d4d_concatenated/claudecode_api/2026-09-12_claude-opus-5-api-generic-v9_rep1/CHORUS_d4d.yaml,29,8,6,3,188,167
matched_cborg_2026-09-13 CHORUS_api_rep1 (native canary),CHORUS,native (matched_cborg),,2026-09-13,notes/matched_cborg_2026-09-13/failed_canaries/CHORUS_api_rep1/audit.json,not accepted: controller audit verdict 'reject',False,rejected canary; no Phase 3 findings artifact,,,,,,,,,,,,,,,,,,,,,,,,,
