condition,arm,label,description,n_adult,n_pediatric,run_labels,adult_records_any_flag,pediatric_records_any_flag
mode:four-phase project agent,agentic,"project agent, no file†",no prompt file in provenance; model.mode 'four-phase project agent',3,0,2026-07-27_claude-opus-5_rep1; 2026-07-27_claude-opus-5_rep2; 2026-07-27_claude-opus-5_rep3,3,
"mode:four-phase project agent, de-primed",agentic,de-primed no file†,"no prompt file in provenance; model.mode 'four-phase project agent, de-primed'",3,0,2026-07-28_claude-opus-5-deprimed_rep1; 2026-07-28_claude-opus-5-deprimed_rep2; 2026-07-28_claude-opus-5-deprimed_rep3,3,
src/download/prompts/d4d_generic_arm_prompt.md@7e9a67f7,agentic,generic v1 rev 7e9a,src/download/prompts/d4d_generic_arm_prompt.md sha256 7e9a67f70fed,3,0,2026-07-28_claude-opus-5-generic_rep1; 2026-07-28_claude-opus-5-generic_rep2; 2026-07-28_claude-opus-5-generic_rep3,3,
src/download/prompts/d4d_generic_arm_prompt.md@0fbc626b,api,generic v1 rev 0fbc,src/download/prompts/d4d_generic_arm_prompt.md sha256 0fbc626bc3a5,3,0,2026-07-31_claude-opus-5-api-generic_rep1; 2026-07-31_claude-opus-5-api-generic_rep2; 2026-07-31_claude-opus-5-api-generic_rep3,0,
src/download/prompts/d4d_generic_arm_prompt_v2.md@47806134,api,generic v2,src/download/prompts/d4d_generic_arm_prompt_v2.md sha256 4780613475ef,3,0,2026-07-31_claude-opus-5-generic-v2_rep1; 2026-07-31_claude-opus-5-generic-v2_rep2; 2026-07-31_claude-opus-5-generic-v2_rep3,0,
src/download/prompts/d4d_generic_arm_prompt.md@0fbc626b,agentic,generic v1 rev 0fbc,src/download/prompts/d4d_generic_arm_prompt.md sha256 0fbc626bc3a5,6,6,2026-08-07_claude-opus-5-claudecode-generic-v3_rep1; 2026-08-07_claude-opus-5-claudecode-generic-v3_rep2; 2026-08-07_claude-opus-5-claudecode-generic-v3_rep3; 2026-08-11_claude-opus-5-claudecode-generic_rep1; 2026-08-11_claude-opus-5-claudecode-generic_rep2; 2026-08-11_claude-opus-5-claudecode-generic_rep3,3,0
src/download/prompts/d4d_generic_arm_prompt_v4.md@3845b66c,api,generic v4,src/download/prompts/d4d_generic_arm_prompt_v4.md sha256 3845b66c33ba,3,0,2026-08-13_claude-opus-5-api-generic-v4_rep1; 2026-08-13_claude-opus-5-api-generic-v4_rep2; 2026-08-13_claude-opus-5-api-generic-v4_rep3,0,
src/download/prompts/d4d_generic_arm_prompt_v5.md@c4bbcc41,api,generic v5,src/download/prompts/d4d_generic_arm_prompt_v5.md sha256 c4bbcc41eb4f,6,0,2026-08-20b_claude-opus-5-api-generic-v5_rep1; 2026-08-20b_claude-opus-5-api-generic-v5_rep2; 2026-08-20b_claude-opus-5-api-generic-v5_rep3; 2026-08-22c_claude-opus-5-api-generic-v5_rep1; 2026-08-22c_claude-opus-5-api-generic-v5_rep2; 2026-08-22c_claude-opus-5-api-generic-v5_rep3,0,
src/download/prompts/d4d_generic_arm_prompt_v5.md@c4bbcc41,agentic,generic v5,src/download/prompts/d4d_generic_arm_prompt_v5.md sha256 c4bbcc41eb4f,3,0,2026-08-24_claude-opus-5-claudecode-generic-v5_rep1; 2026-08-24_claude-opus-5-claudecode-generic-v5_rep2; 2026-08-24_claude-opus-5-claudecode-generic-v5_rep3,0,
src/download/prompts/d4d_generic_arm_prompt_v6.md@57ac2030,agentic,generic v6,src/download/prompts/d4d_generic_arm_prompt_v6.md sha256 57ac203090ee,3,0,2026-08-28_claude-opus-5-claudecode-generic-v6_rep1; 2026-08-28_claude-opus-5-claudecode-generic-v6_rep2; 2026-08-28_claude-opus-5-claudecode-generic-v6_rep3,0,
src/download/prompts/d4d_generic_arm_prompt_v7.md@08a26ae4,api,generic v7,src/download/prompts/d4d_generic_arm_prompt_v7.md sha256 08a26ae430cc,3,0,2026-09-01_claude-opus-5-api-generic-v7_rep1; 2026-09-01_claude-opus-5-api-generic-v7_rep2; 2026-09-01_claude-opus-5-api-generic-v7_rep3,0,
src/download/prompts/d4d_generic_arm_prompt_v8.md@506af01b,api,generic v8,src/download/prompts/d4d_generic_arm_prompt_v8.md sha256 506af01bc9ab,5,0,2026-09-04d_claude-opus-5-api-generic-v8_rep1; 2026-09-04e_claude-opus-5-api-generic-v8_rep1; 2026-09-04f_claude-opus-5-api-generic-v8_rep1; 2026-09-04f_claude-opus-5-api-generic-v8_rep2; 2026-09-04f_claude-opus-5-api-generic-v8_rep3,0,
