subject_id,subject_category,subject_label,predicate_id,object_id,confidence,mapping_justification,d4d_subject_range,subject_multivalued,rocrate_value_type,type_compatible,composition_path,warnings,structural_class,schema_lookup,schema_range_current,schema_multivalued_current,schema_path_has_multivalued_slot,written_values_are
d4d:AddressingGap/description,AddressingGap,description,skos:exactMatch,description,1.0,semapv:StructuralMapping,string,False,str,True,,,"direct, type_compatible True",not looked up (direct row),,,,
d4d:AddressingGap/name,AddressingGap,name,skos:exactMatch,name,1.0,semapv:StructuralMapping,string,False,str,True,,,"direct, type_compatible True",not looked up (direct row),,,,
d4d:AnnotationAnalysis/description,AnnotationAnalysis,description,skos:exactMatch,description,1.0,semapv:StructuralMapping,string,False,str,True,,,"direct, type_compatible True",not looked up (direct row),,,,
d4d:AnnotationAnalysis/name,AnnotationAnalysis,name,skos:exactMatch,name,1.0,semapv:StructuralMapping,string,False,str,True,,,"direct, type_compatible True",not looked up (direct row),,,,
d4d:AtRiskPopulations/description,AtRiskPopulations,description,skos:exactMatch,description,1.0,semapv:StructuralMapping,string,False,str,True,,,"direct, type_compatible True",not looked up (direct row),,,,
d4d:AtRiskPopulations/name,AtRiskPopulations,name,skos:exactMatch,name,1.0,semapv:StructuralMapping,string,False,str,True,,,"direct, type_compatible True",not looked up (direct row),,,,
d4d:CleaningStrategy/description,CleaningStrategy,description,skos:exactMatch,description,1.0,semapv:StructuralMapping,string,False,str,True,,,"direct, type_compatible True",not looked up (direct row),,,,
d4d:CleaningStrategy/name,CleaningStrategy,name,skos:exactMatch,name,1.0,semapv:StructuralMapping,string,False,str,True,,,"direct, type_compatible True",not looked up (direct row),,,,
d4d:CollectionConsent/description,CollectionConsent,description,skos:exactMatch,description,1.0,semapv:StructuralMapping,string,False,str,True,,,"direct, type_compatible True",not looked up (direct row),,,,
d4d:CollectionConsent/name,CollectionConsent,name,skos:exactMatch,name,1.0,semapv:StructuralMapping,string,False,str,True,,,"direct, type_compatible True",not looked up (direct row),,,,
d4d:CollectionMechanism/description,CollectionMechanism,description,skos:exactMatch,description,1.0,semapv:StructuralMapping,string,False,str,True,,,"direct, type_compatible True",not looked up (direct row),,,,
d4d:CollectionMechanism/name,CollectionMechanism,name,skos:exactMatch,name,1.0,semapv:StructuralMapping,string,False,str,True,,,"direct, type_compatible True",not looked up (direct row),,,,
d4d:CollectionNotification/description,CollectionNotification,description,skos:exactMatch,description,1.0,semapv:StructuralMapping,string,False,str,True,,,"direct, type_compatible True",not looked up (direct row),,,,
d4d:CollectionNotification/name,CollectionNotification,name,skos:exactMatch,name,1.0,semapv:StructuralMapping,string,False,str,True,,,"direct, type_compatible True",not looked up (direct row),,,,
d4d:CollectionTimeframe/description,CollectionTimeframe,description,skos:exactMatch,description,1.0,semapv:StructuralMapping,string,False,str,True,,,"direct, type_compatible True",not looked up (direct row),,,,
d4d:CollectionTimeframe/name,CollectionTimeframe,name,skos:exactMatch,name,1.0,semapv:StructuralMapping,string,False,str,True,,,"direct, type_compatible True",not looked up (direct row),,,,
d4d:Confidentiality/description,Confidentiality,description,skos:exactMatch,description,1.0,semapv:StructuralMapping,string,False,str,True,,,"direct, type_compatible True",not looked up (direct row),,,,
d4d:Confidentiality/name,Confidentiality,name,skos:exactMatch,name,1.0,semapv:StructuralMapping,string,False,str,True,,,"direct, type_compatible True",not looked up (direct row),,,,
d4d:ConsentRevocation/description,ConsentRevocation,description,skos:exactMatch,description,1.0,semapv:StructuralMapping,string,False,str,True,,,"direct, type_compatible True",not looked up (direct row),,,,
d4d:ConsentRevocation/name,ConsentRevocation,name,skos:exactMatch,name,1.0,semapv:StructuralMapping,string,False,str,True,,,"direct, type_compatible True",not looked up (direct row),,,,
d4d:ContentWarning/description,ContentWarning,description,skos:exactMatch,description,1.0,semapv:StructuralMapping,string,False,str,True,,,"direct, type_compatible True",not looked up (direct row),,,,
d4d:ContentWarning/name,ContentWarning,name,skos:exactMatch,name,1.0,semapv:StructuralMapping,string,False,str,True,,,"direct, type_compatible True",not looked up (direct row),,,,
d4d:CoreDataset,CoreDataset,CoreDataset,skos:exactMatch,schema:Dataset,1.0,semapv:StructuralMapping,CoreDataset,False,object,True,,,"direct, type_compatible True",not looked up (direct row),,,,
d4d:CoreDatasetCollection,CoreDatasetCollection,CoreDatasetCollection,skos:exactMatch,schema:Dataset,1.0,semapv:StructuralMapping,CoreDatasetCollection,False,object,True,,,"direct, type_compatible True",not looked up (direct row),,,,
d4d:CoreDistribution,CoreDistribution,CoreDistribution,skos:exactMatch,schema:DataDownload,1.0,semapv:StructuralMapping,CoreDistribution,False,object,True,,,"direct, type_compatible True",not looked up (direct row),,,,
d4d:Creator/description,Creator,description,skos:exactMatch,description,1.0,semapv:StructuralMapping,string,False,str,True,,,"direct, type_compatible True",not looked up (direct row),,,,
d4d:Creator/name,Creator,name,skos:exactMatch,name,1.0,semapv:StructuralMapping,string,False,str,True,,,"direct, type_compatible True",not looked up (direct row),,,,
d4d:Creator/principal_investigator,Creator,principal_investigator,skos:exactMatch,principalInvestigator,1.0,semapv:StructuralMapping,Person,False,str,True,,,"direct, type_compatible True",not looked up (direct row),,,,
d4d:DataAnomaly/description,DataAnomaly,description,skos:exactMatch,description,1.0,semapv:StructuralMapping,string,False,str,True,,,"direct, type_compatible True",not looked up (direct row),,,,
d4d:DataAnomaly/name,DataAnomaly,name,skos:exactMatch,name,1.0,semapv:StructuralMapping,string,False,str,True,,,"direct, type_compatible True",not looked up (direct row),,,,
d4d:DataCollector/description,DataCollector,description,skos:exactMatch,description,1.0,semapv:StructuralMapping,string,False,str,True,,,"direct, type_compatible True",not looked up (direct row),,,,
d4d:DataCollector/name,DataCollector,name,skos:exactMatch,name,1.0,semapv:StructuralMapping,string,False,str,True,,,"direct, type_compatible True",not looked up (direct row),,,,
d4d:DataGovernance/description,DataGovernance,description,skos:exactMatch,description,1.0,semapv:StructuralMapping,string,False,str,True,,,"direct, type_compatible True",not looked up (direct row),,,,
d4d:DataGovernance/name,DataGovernance,name,skos:exactMatch,name,1.0,semapv:StructuralMapping,string,False,str,True,,,"direct, type_compatible True",not looked up (direct row),,,,
d4d:DataProtectionImpact/description,DataProtectionImpact,description,skos:exactMatch,description,1.0,semapv:StructuralMapping,string,False,str,True,,,"direct, type_compatible True",not looked up (direct row),,,,
d4d:DataProtectionImpact/name,DataProtectionImpact,name,skos:exactMatch,name,1.0,semapv:StructuralMapping,string,False,str,True,,,"direct, type_compatible True",not looked up (direct row),,,,
d4d:DataSubset,DataSubset,DataSubset,skos:exactMatch,schema:Dataset,0.9,semapv:StructuralMapping,Dataset,False,object,True,,,"direct, type_compatible True",not looked up (direct row),,,,
d4d:DataSubset/addressing_gaps,DataSubset,addressing_gaps,skos:closeMatch,d4d:addressingGaps,0.6,semapv:SemanticSimilarity,AddressingGap,True,str,False,,Cardinality mismatch: multivalued slot mapping to single value,type_compatible False (flagged),"current schema (SchemaView), along subject_label from subject_category",AddressingGap,True,True,from the schema slot
d4d:DataSubset/anomalies,DataSubset,anomalies,skos:closeMatch,d4d:dataAnomalies,0.7,semapv:StructuralMapping,string,False,str,True,anomalies,,composition path (True by construction),"current schema (SchemaView), along subject_label from subject_category",DataAnomaly,True,True,"generator default (range None -> 'string', multivalued False)"
d4d:DataSubset/anomalies.anomaly_details,DataSubset,anomalies.anomaly_details,skos:closeMatch,d4d:dataAnomalies,0.7,semapv:StructuralMapping,string,False,str,True,anomalies.anomaly_details,,composition path (True by construction),"current schema (SchemaView), along subject_label from subject_category",string,False,True,"generator default (range None -> 'string', multivalued False)"
d4d:DataSubset/anomalies.description,DataSubset,anomalies.description,skos:closeMatch,d4d:dataAnomalies,0.7,semapv:StructuralMapping,string,False,str,True,anomalies.description,,composition path (True by construction),"current schema (SchemaView), along subject_label from subject_category",string,False,True,"generator default (range None -> 'string', multivalued False)"
d4d:DataSubset/anomalies.id,DataSubset,anomalies.id,skos:closeMatch,d4d:dataAnomalies,0.7,semapv:StructuralMapping,string,False,str,True,anomalies.id,,composition path (True by construction),"current schema (SchemaView), along subject_label from subject_category",uriorcurie,False,True,"generator default (range None -> 'string', multivalued False)"
d4d:DataSubset/anomalies.name,DataSubset,anomalies.name,skos:closeMatch,d4d:dataAnomalies,0.7,semapv:StructuralMapping,string,False,str,True,anomalies.name,,composition path (True by construction),"current schema (SchemaView), along subject_label from subject_category",string,False,True,"generator default (range None -> 'string', multivalued False)"
d4d:DataSubset/anomalies.notes,DataSubset,anomalies.notes,skos:closeMatch,d4d:dataAnomalies,0.7,semapv:StructuralMapping,string,False,str,True,anomalies.notes,,composition path (True by construction),"current schema (SchemaView), along subject_label from subject_category",string,False,True,"generator default (range None -> 'string', multivalued False)"
d4d:DataSubset/anomalies.source_caveats,DataSubset,anomalies.source_caveats,skos:closeMatch,d4d:dataAnomalies,0.7,semapv:StructuralMapping,string,False,str,True,anomalies.source_caveats,,composition path (True by construction),"current schema (SchemaView), along subject_label from subject_category",string,False,True,"generator default (range None -> 'string', multivalued False)"
d4d:DataSubset/anomalies.used_software,DataSubset,anomalies.used_software,skos:closeMatch,d4d:dataAnomalies,0.7,semapv:StructuralMapping,string,False,str,True,anomalies.used_software,,composition path (True by construction),"current schema (SchemaView), along subject_label from subject_category",Software,True,True,"generator default (range None -> 'string', multivalued False)"
d4d:DataSubset/at_risk_populations,DataSubset,at_risk_populations,skos:exactMatch,d4d:atRiskPopulations,0.9,semapv:SemanticSimilarity,AtRiskPopulations,False,str,True,,,"direct, type_compatible True",not looked up (direct row),,,,
d4d:DataSubset/informed_consent,DataSubset,informed_consent,skos:closeMatch,d4d:informedConsent,0.6,semapv:SemanticSimilarity,InformedConsent,True,str,False,,Cardinality mismatch: multivalued slot mapping to single value,type_compatible False (flagged),"current schema (SchemaView), along subject_label from subject_category",InformedConsent,True,True,from the schema slot
d4d:Dataset/addressing_gaps,Dataset,addressing_gaps,skos:closeMatch,d4d:addressingGaps,0.6,semapv:SemanticSimilarity,AddressingGap,True,str,False,,Cardinality mismatch: multivalued slot mapping to single value,type_compatible False (flagged),"current schema (SchemaView), along subject_label from subject_category",AddressingGap,True,True,from the schema slot
d4d:Dataset/anomalies,Dataset,anomalies,skos:closeMatch,d4d:dataAnomalies,0.7,semapv:StructuralMapping,string,False,str,True,anomalies,,composition path (True by construction),"current schema (SchemaView), along subject_label from subject_category",DataAnomaly,True,True,"generator default (range None -> 'string', multivalued False)"
d4d:Dataset/anomalies.anomaly_details,Dataset,anomalies.anomaly_details,skos:closeMatch,d4d:dataAnomalies,0.7,semapv:StructuralMapping,string,False,str,True,anomalies.anomaly_details,,composition path (True by construction),"current schema (SchemaView), along subject_label from subject_category",string,False,True,"generator default (range None -> 'string', multivalued False)"
d4d:Dataset/anomalies.description,Dataset,anomalies.description,skos:closeMatch,d4d:dataAnomalies,0.7,semapv:StructuralMapping,string,False,str,True,anomalies.description,,composition path (True by construction),"current schema (SchemaView), along subject_label from subject_category",string,False,True,"generator default (range None -> 'string', multivalued False)"
d4d:Dataset/anomalies.id,Dataset,anomalies.id,skos:closeMatch,d4d:dataAnomalies,0.7,semapv:StructuralMapping,string,False,str,True,anomalies.id,,composition path (True by construction),"current schema (SchemaView), along subject_label from subject_category",uriorcurie,False,True,"generator default (range None -> 'string', multivalued False)"
d4d:Dataset/anomalies.name,Dataset,anomalies.name,skos:closeMatch,d4d:dataAnomalies,0.7,semapv:StructuralMapping,string,False,str,True,anomalies.name,,composition path (True by construction),"current schema (SchemaView), along subject_label from subject_category",string,False,True,"generator default (range None -> 'string', multivalued False)"
d4d:Dataset/anomalies.notes,Dataset,anomalies.notes,skos:closeMatch,d4d:dataAnomalies,0.7,semapv:StructuralMapping,string,False,str,True,anomalies.notes,,composition path (True by construction),"current schema (SchemaView), along subject_label from subject_category",string,False,True,"generator default (range None -> 'string', multivalued False)"
d4d:Dataset/anomalies.source_caveats,Dataset,anomalies.source_caveats,skos:closeMatch,d4d:dataAnomalies,0.7,semapv:StructuralMapping,string,False,str,True,anomalies.source_caveats,,composition path (True by construction),"current schema (SchemaView), along subject_label from subject_category",string,False,True,"generator default (range None -> 'string', multivalued False)"
d4d:Dataset/anomalies.used_software,Dataset,anomalies.used_software,skos:closeMatch,d4d:dataAnomalies,0.7,semapv:StructuralMapping,string,False,str,True,anomalies.used_software,,composition path (True by construction),"current schema (SchemaView), along subject_label from subject_category",Software,True,True,"generator default (range None -> 'string', multivalued False)"
d4d:Dataset/at_risk_populations,Dataset,at_risk_populations,skos:exactMatch,d4d:atRiskPopulations,0.9,semapv:SemanticSimilarity,AtRiskPopulations,False,str,True,,,"direct, type_compatible True",not looked up (direct row),,,,
d4d:Dataset/informed_consent,Dataset,informed_consent,skos:closeMatch,d4d:informedConsent,0.6,semapv:SemanticSimilarity,InformedConsent,True,str,False,,Cardinality mismatch: multivalued slot mapping to single value,type_compatible False (flagged),"current schema (SchemaView), along subject_label from subject_category",InformedConsent,True,True,from the schema slot
d4d:DatasetBias/description,DatasetBias,description,skos:exactMatch,description,1.0,semapv:StructuralMapping,string,False,str,True,,,"direct, type_compatible True",not looked up (direct row),,,,
d4d:DatasetBias/name,DatasetBias,name,skos:exactMatch,name,1.0,semapv:StructuralMapping,string,False,str,True,,,"direct, type_compatible True",not looked up (direct row),,,,
d4d:DatasetCollection/resources,DatasetCollection,resources,skos:exactMatch,schema:hasPart,1.0,semapv:StructuralMapping,Dataset,True,list,True,,,"direct, type_compatible True",not looked up (direct row),,,,
d4d:DatasetLimitation/description,DatasetLimitation,description,skos:exactMatch,description,1.0,semapv:StructuralMapping,string,False,str,True,,,"direct, type_compatible True",not looked up (direct row),,,,
d4d:DatasetLimitation/name,DatasetLimitation,name,skos:exactMatch,name,1.0,semapv:StructuralMapping,string,False,str,True,,,"direct, type_compatible True",not looked up (direct row),,,,
d4d:DatasetRelationship/description,DatasetRelationship,description,skos:exactMatch,description,1.0,semapv:StructuralMapping,string,False,str,True,,,"direct, type_compatible True",not looked up (direct row),,,,
d4d:DatasetRelationship/name,DatasetRelationship,name,skos:exactMatch,name,1.0,semapv:StructuralMapping,string,False,str,True,,,"direct, type_compatible True",not looked up (direct row),,,,
d4d:Deidentification/description,Deidentification,description,skos:exactMatch,description,1.0,semapv:StructuralMapping,string,False,str,True,,,"direct, type_compatible True",not looked up (direct row),,,,
d4d:Deidentification/name,Deidentification,name,skos:exactMatch,name,1.0,semapv:StructuralMapping,string,False,str,True,,,"direct, type_compatible True",not looked up (direct row),,,,
d4d:DirectCollection/description,DirectCollection,description,skos:exactMatch,description,1.0,semapv:StructuralMapping,string,False,str,True,,,"direct, type_compatible True",not looked up (direct row),,,,
d4d:DirectCollection/name,DirectCollection,name,skos:exactMatch,name,1.0,semapv:StructuralMapping,string,False,str,True,,,"direct, type_compatible True",not looked up (direct row),,,,
d4d:DiscouragedUse/description,DiscouragedUse,description,skos:exactMatch,description,1.0,semapv:StructuralMapping,string,False,str,True,,,"direct, type_compatible True",not looked up (direct row),,,,
d4d:DiscouragedUse/name,DiscouragedUse,name,skos:exactMatch,name,1.0,semapv:StructuralMapping,string,False,str,True,,,"direct, type_compatible True",not looked up (direct row),,,,
d4d:DistributionDate/description,DistributionDate,description,skos:exactMatch,description,1.0,semapv:StructuralMapping,string,False,str,True,,,"direct, type_compatible True",not looked up (direct row),,,,
d4d:DistributionDate/name,DistributionDate,name,skos:exactMatch,name,1.0,semapv:StructuralMapping,string,False,str,True,,,"direct, type_compatible True",not looked up (direct row),,,,
d4d:DistributionFormat/description,DistributionFormat,description,skos:exactMatch,description,1.0,semapv:StructuralMapping,string,False,str,True,,,"direct, type_compatible True",not looked up (direct row),,,,
d4d:DistributionFormat/name,DistributionFormat,name,skos:exactMatch,name,1.0,semapv:StructuralMapping,string,False,str,True,,,"direct, type_compatible True",not looked up (direct row),,,,
d4d:Erratum/description,Erratum,description,skos:exactMatch,description,1.0,semapv:StructuralMapping,string,False,str,True,,,"direct, type_compatible True",not looked up (direct row),,,,
d4d:Erratum/name,Erratum,name,skos:exactMatch,name,1.0,semapv:StructuralMapping,string,False,str,True,,,"direct, type_compatible True",not looked up (direct row),,,,
d4d:EthicalReview/description,EthicalReview,description,skos:exactMatch,description,1.0,semapv:StructuralMapping,string,False,str,True,,,"direct, type_compatible True",not looked up (direct row),,,,
d4d:EthicalReview/name,EthicalReview,name,skos:exactMatch,name,1.0,semapv:StructuralMapping,string,False,str,True,,,"direct, type_compatible True",not looked up (direct row),,,,
d4d:ExistingUse/description,ExistingUse,description,skos:exactMatch,description,1.0,semapv:StructuralMapping,string,False,str,True,,,"direct, type_compatible True",not looked up (direct row),,,,
d4d:ExistingUse/name,ExistingUse,name,skos:exactMatch,name,1.0,semapv:StructuralMapping,string,False,str,True,,,"direct, type_compatible True",not looked up (direct row),,,,
d4d:ExportControlRegulatoryRestrictions/confidentiality_level,ExportControlRegulatoryRestrictions,confidentiality_level,skos:exactMatch,confidentialityLevel,1.0,semapv:StructuralMapping,ConfidentialityLevelEnum,False,str,True,,,"direct, type_compatible True",not looked up (direct row),,,,
d4d:ExportControlRegulatoryRestrictions/description,ExportControlRegulatoryRestrictions,description,skos:exactMatch,description,1.0,semapv:StructuralMapping,string,False,str,True,,,"direct, type_compatible True",not looked up (direct row),,,,
d4d:ExportControlRegulatoryRestrictions/name,ExportControlRegulatoryRestrictions,name,skos:exactMatch,name,1.0,semapv:StructuralMapping,string,False,str,True,,,"direct, type_compatible True",not looked up (direct row),,,,
d4d:ExtensionMechanism/description,ExtensionMechanism,description,skos:exactMatch,description,1.0,semapv:StructuralMapping,string,False,str,True,,,"direct, type_compatible True",not looked up (direct row),,,,
d4d:ExtensionMechanism/name,ExtensionMechanism,name,skos:exactMatch,name,1.0,semapv:StructuralMapping,string,False,str,True,,,"direct, type_compatible True",not looked up (direct row),,,,
d4d:ExternalResource/description,ExternalResource,description,skos:exactMatch,description,1.0,semapv:StructuralMapping,string,False,str,True,,,"direct, type_compatible True",not looked up (direct row),,,,
d4d:ExternalResource/name,ExternalResource,name,skos:exactMatch,name,1.0,semapv:StructuralMapping,string,False,str,True,,,"direct, type_compatible True",not looked up (direct row),,,,
d4d:File/file_type,File,file_type,skos:exactMatch,d4d:fileType,1.0,semapv:StructuralMapping,FileTypeEnum,False,str,True,,,"direct, type_compatible True",not looked up (direct row),,,,
d4d:FileCollection/collection_type,FileCollection,collection_type,skos:exactMatch,d4d:collectionType,1.0,semapv:StructuralMapping,FileCollectionTypeEnum,True,list,True,,,"direct, type_compatible True",not looked up (direct row),,,,
d4d:FileCollection/file_count,FileCollection,file_count,skos:exactMatch,d4d:fileCount,1.0,semapv:StructuralMapping,integer,False,int,True,,,"direct, type_compatible True",not looked up (direct row),,,,
d4d:FileCollection/resources,FileCollection,resources,skos:exactMatch,schema:hasPart,1.0,semapv:StructuralMapping,File,True,list,True,,,"direct, type_compatible True",not looked up (direct row),,,,
d4d:FileCollection/total_bytes,FileCollection,total_bytes,skos:exactMatch,dcat:byteSize,1.0,semapv:StructuralMapping,integer,False,int,True,,,"direct, type_compatible True",not looked up (direct row),,,,
d4d:FundingMechanism/description,FundingMechanism,description,skos:exactMatch,description,1.0,semapv:StructuralMapping,string,False,str,True,,,"direct, type_compatible True",not looked up (direct row),,,,
d4d:FundingMechanism/name,FundingMechanism,name,skos:exactMatch,name,1.0,semapv:StructuralMapping,string,False,str,True,,,"direct, type_compatible True",not looked up (direct row),,,,
d4d:FutureUseImpact/description,FutureUseImpact,description,skos:exactMatch,description,1.0,semapv:StructuralMapping,string,False,str,True,,,"direct, type_compatible True",not looked up (direct row),,,,
d4d:FutureUseImpact/name,FutureUseImpact,name,skos:exactMatch,name,1.0,semapv:StructuralMapping,string,False,str,True,,,"direct, type_compatible True",not looked up (direct row),,,,
d4d:HumanSubjectCompensation/description,HumanSubjectCompensation,description,skos:exactMatch,description,1.0,semapv:StructuralMapping,string,False,str,True,,,"direct, type_compatible True",not looked up (direct row),,,,
d4d:HumanSubjectCompensation/name,HumanSubjectCompensation,name,skos:exactMatch,name,1.0,semapv:StructuralMapping,string,False,str,True,,,"direct, type_compatible True",not looked up (direct row),,,,
d4d:HumanSubjectResearch/description,HumanSubjectResearch,description,skos:exactMatch,description,1.0,semapv:StructuralMapping,string,False,str,True,,,"direct, type_compatible True",not looked up (direct row),,,,
d4d:HumanSubjectResearch/name,HumanSubjectResearch,name,skos:exactMatch,name,1.0,semapv:StructuralMapping,string,False,str,True,,,"direct, type_compatible True",not looked up (direct row),,,,
d4d:IPRestrictions/description,IPRestrictions,description,skos:exactMatch,description,1.0,semapv:StructuralMapping,string,False,str,True,,,"direct, type_compatible True",not looked up (direct row),,,,
d4d:IPRestrictions/name,IPRestrictions,name,skos:exactMatch,name,1.0,semapv:StructuralMapping,string,False,str,True,,,"direct, type_compatible True",not looked up (direct row),,,,
d4d:ImputationProtocol/description,ImputationProtocol,description,skos:exactMatch,description,1.0,semapv:StructuralMapping,string,False,str,True,,,"direct, type_compatible True",not looked up (direct row),,,,
d4d:ImputationProtocol/name,ImputationProtocol,name,skos:exactMatch,name,1.0,semapv:StructuralMapping,string,False,str,True,,,"direct, type_compatible True",not looked up (direct row),,,,
d4d:InformedConsent/description,InformedConsent,description,skos:exactMatch,description,1.0,semapv:StructuralMapping,string,False,str,True,,,"direct, type_compatible True",not looked up (direct row),,,,
d4d:InformedConsent/name,InformedConsent,name,skos:exactMatch,name,1.0,semapv:StructuralMapping,string,False,str,True,,,"direct, type_compatible True",not looked up (direct row),,,,
d4d:Instance/description,Instance,description,skos:exactMatch,description,1.0,semapv:StructuralMapping,string,False,str,True,,,"direct, type_compatible True",not looked up (direct row),,,,
d4d:Instance/name,Instance,name,skos:exactMatch,name,1.0,semapv:StructuralMapping,string,False,str,True,,,"direct, type_compatible True",not looked up (direct row),,,,
d4d:InstanceAcquisition/description,InstanceAcquisition,description,skos:exactMatch,description,1.0,semapv:StructuralMapping,string,False,str,True,,,"direct, type_compatible True",not looked up (direct row),,,,
d4d:InstanceAcquisition/name,InstanceAcquisition,name,skos:exactMatch,name,1.0,semapv:StructuralMapping,string,False,str,True,,,"direct, type_compatible True",not looked up (direct row),,,,
d4d:IntendedUse/description,IntendedUse,description,skos:exactMatch,description,1.0,semapv:StructuralMapping,string,False,str,True,,,"direct, type_compatible True",not looked up (direct row),,,,
d4d:IntendedUse/name,IntendedUse,name,skos:exactMatch,name,1.0,semapv:StructuralMapping,string,False,str,True,,,"direct, type_compatible True",not looked up (direct row),,,,
d4d:LabelingStrategy/data_annotation_platform,LabelingStrategy,data_annotation_platform,skos:exactMatch,rai:dataAnnotationPlatform,0.9,semapv:SemanticSimilarity,string,False,list,True,,,"direct, type_compatible True",not looked up (direct row),,,,
d4d:LabelingStrategy/description,LabelingStrategy,description,skos:exactMatch,description,1.0,semapv:StructuralMapping,string,False,str,True,,,"direct, type_compatible True",not looked up (direct row),,,,
d4d:LabelingStrategy/name,LabelingStrategy,name,skos:exactMatch,name,1.0,semapv:StructuralMapping,string,False,str,True,,,"direct, type_compatible True",not looked up (direct row),,,,
d4d:LicenseAndUseTerms/description,LicenseAndUseTerms,description,skos:exactMatch,description,1.0,semapv:StructuralMapping,string,False,str,True,,,"direct, type_compatible True",not looked up (direct row),,,,
d4d:LicenseAndUseTerms/name,LicenseAndUseTerms,name,skos:exactMatch,name,1.0,semapv:StructuralMapping,string,False,str,True,,,"direct, type_compatible True",not looked up (direct row),,,,
d4d:MachineAnnotationTools/description,MachineAnnotationTools,description,skos:exactMatch,description,1.0,semapv:StructuralMapping,string,False,str,True,,,"direct, type_compatible True",not looked up (direct row),,,,
d4d:MachineAnnotationTools/name,MachineAnnotationTools,name,skos:exactMatch,name,1.0,semapv:StructuralMapping,string,False,str,True,,,"direct, type_compatible True",not looked up (direct row),,,,
d4d:Maintainer/description,Maintainer,description,skos:exactMatch,description,1.0,semapv:StructuralMapping,string,False,str,True,,,"direct, type_compatible True",not looked up (direct row),,,,
d4d:Maintainer/name,Maintainer,name,skos:exactMatch,name,1.0,semapv:StructuralMapping,string,False,str,True,,,"direct, type_compatible True",not looked up (direct row),,,,
d4d:MissingDataDocumentation/description,MissingDataDocumentation,description,skos:exactMatch,description,1.0,semapv:StructuralMapping,string,False,str,True,,,"direct, type_compatible True",not looked up (direct row),,,,
d4d:MissingDataDocumentation/name,MissingDataDocumentation,name,skos:exactMatch,name,1.0,semapv:StructuralMapping,string,False,str,True,,,"direct, type_compatible True",not looked up (direct row),,,,
d4d:MissingInfo/description,MissingInfo,description,skos:exactMatch,description,1.0,semapv:StructuralMapping,string,False,str,True,,,"direct, type_compatible True",not looked up (direct row),,,,
d4d:MissingInfo/name,MissingInfo,name,skos:exactMatch,name,1.0,semapv:StructuralMapping,string,False,str,True,,,"direct, type_compatible True",not looked up (direct row),,,,
d4d:OtherTask/description,OtherTask,description,skos:exactMatch,description,1.0,semapv:StructuralMapping,string,False,str,True,,,"direct, type_compatible True",not looked up (direct row),,,,
d4d:OtherTask/name,OtherTask,name,skos:exactMatch,name,1.0,semapv:StructuralMapping,string,False,str,True,,,"direct, type_compatible True",not looked up (direct row),,,,
d4d:ParticipantPrivacy/description,ParticipantPrivacy,description,skos:exactMatch,description,1.0,semapv:StructuralMapping,string,False,str,True,,,"direct, type_compatible True",not looked up (direct row),,,,
d4d:ParticipantPrivacy/name,ParticipantPrivacy,name,skos:exactMatch,name,1.0,semapv:StructuralMapping,string,False,str,True,,,"direct, type_compatible True",not looked up (direct row),,,,
d4d:PreprocessingStrategy/description,PreprocessingStrategy,description,skos:exactMatch,description,1.0,semapv:StructuralMapping,string,False,str,True,,,"direct, type_compatible True",not looked up (direct row),,,,
d4d:PreprocessingStrategy/name,PreprocessingStrategy,name,skos:exactMatch,name,1.0,semapv:StructuralMapping,string,False,str,True,,,"direct, type_compatible True",not looked up (direct row),,,,
d4d:ProhibitedUse/description,ProhibitedUse,description,skos:exactMatch,description,1.0,semapv:StructuralMapping,string,False,str,True,,,"direct, type_compatible True",not looked up (direct row),,,,
d4d:ProhibitedUse/name,ProhibitedUse,name,skos:exactMatch,name,1.0,semapv:StructuralMapping,string,False,str,True,,,"direct, type_compatible True",not looked up (direct row),,,,
d4d:Purpose/description,Purpose,description,skos:exactMatch,description,1.0,semapv:StructuralMapping,string,False,str,True,,,"direct, type_compatible True",not looked up (direct row),,,,
d4d:Purpose/name,Purpose,name,skos:exactMatch,name,1.0,semapv:StructuralMapping,string,False,str,True,,,"direct, type_compatible True",not looked up (direct row),,,,
d4d:RawData/description,RawData,description,skos:exactMatch,description,1.0,semapv:StructuralMapping,string,False,str,True,,,"direct, type_compatible True",not looked up (direct row),,,,
d4d:RawData/name,RawData,name,skos:exactMatch,name,1.0,semapv:StructuralMapping,string,False,str,True,,,"direct, type_compatible True",not looked up (direct row),,,,
d4d:RawDataSource/description,RawDataSource,description,skos:exactMatch,description,1.0,semapv:StructuralMapping,string,False,str,True,,,"direct, type_compatible True",not looked up (direct row),,,,
d4d:RawDataSource/name,RawDataSource,name,skos:exactMatch,name,1.0,semapv:StructuralMapping,string,False,str,True,,,"direct, type_compatible True",not looked up (direct row),,,,
d4d:Relationships/description,Relationships,description,skos:exactMatch,description,1.0,semapv:StructuralMapping,string,False,str,True,,,"direct, type_compatible True",not looked up (direct row),,,,
d4d:Relationships/name,Relationships,name,skos:exactMatch,name,1.0,semapv:StructuralMapping,string,False,str,True,,,"direct, type_compatible True",not looked up (direct row),,,,
d4d:RetentionLimits/description,RetentionLimits,description,skos:exactMatch,description,1.0,semapv:StructuralMapping,string,False,str,True,,,"direct, type_compatible True",not looked up (direct row),,,,
d4d:RetentionLimits/name,RetentionLimits,name,skos:exactMatch,name,1.0,semapv:StructuralMapping,string,False,str,True,,,"direct, type_compatible True",not looked up (direct row),,,,
d4d:SamplingStrategy/description,SamplingStrategy,description,skos:exactMatch,description,1.0,semapv:StructuralMapping,string,False,str,True,,,"direct, type_compatible True",not looked up (direct row),,,,
d4d:SamplingStrategy/name,SamplingStrategy,name,skos:exactMatch,name,1.0,semapv:StructuralMapping,string,False,str,True,,,"direct, type_compatible True",not looked up (direct row),,,,
d4d:SensitiveElement/description,SensitiveElement,description,skos:exactMatch,description,1.0,semapv:StructuralMapping,string,False,str,True,,,"direct, type_compatible True",not looked up (direct row),,,,
d4d:SensitiveElement/name,SensitiveElement,name,skos:exactMatch,name,1.0,semapv:StructuralMapping,string,False,str,True,,,"direct, type_compatible True",not looked up (direct row),,,,
d4d:Splits/description,Splits,description,skos:exactMatch,description,1.0,semapv:StructuralMapping,string,False,str,True,,,"direct, type_compatible True",not looked up (direct row),,,,
d4d:Splits/name,Splits,name,skos:exactMatch,name,1.0,semapv:StructuralMapping,string,False,str,True,,,"direct, type_compatible True",not looked up (direct row),,,,
d4d:Subpopulation/description,Subpopulation,description,skos:exactMatch,description,1.0,semapv:StructuralMapping,string,False,str,True,,,"direct, type_compatible True",not looked up (direct row),,,,
d4d:Subpopulation/name,Subpopulation,name,skos:exactMatch,name,1.0,semapv:StructuralMapping,string,False,str,True,,,"direct, type_compatible True",not looked up (direct row),,,,
d4d:Task/description,Task,description,skos:exactMatch,description,1.0,semapv:StructuralMapping,string,False,str,True,,,"direct, type_compatible True",not looked up (direct row),,,,
d4d:Task/name,Task,name,skos:exactMatch,name,1.0,semapv:StructuralMapping,string,False,str,True,,,"direct, type_compatible True",not looked up (direct row),,,,
d4d:ThirdPartySharing/description,ThirdPartySharing,description,skos:exactMatch,description,1.0,semapv:StructuralMapping,string,False,str,True,,,"direct, type_compatible True",not looked up (direct row),,,,
d4d:ThirdPartySharing/name,ThirdPartySharing,name,skos:exactMatch,name,1.0,semapv:StructuralMapping,string,False,str,True,,,"direct, type_compatible True",not looked up (direct row),,,,
d4d:UpdatePlan/description,UpdatePlan,description,skos:exactMatch,description,1.0,semapv:StructuralMapping,string,False,str,True,,,"direct, type_compatible True",not looked up (direct row),,,,
d4d:UpdatePlan/name,UpdatePlan,name,skos:exactMatch,name,1.0,semapv:StructuralMapping,string,False,str,True,,,"direct, type_compatible True",not looked up (direct row),,,,
d4d:UseRepository/description,UseRepository,description,skos:exactMatch,description,1.0,semapv:StructuralMapping,string,False,str,True,,,"direct, type_compatible True",not looked up (direct row),,,,
d4d:UseRepository/name,UseRepository,name,skos:exactMatch,name,1.0,semapv:StructuralMapping,string,False,str,True,,,"direct, type_compatible True",not looked up (direct row),,,,
d4d:VariableMetadata/description,VariableMetadata,description,skos:exactMatch,description,1.0,semapv:StructuralMapping,string,False,str,True,,,"direct, type_compatible True",not looked up (direct row),,,,
d4d:VariableMetadata/name,VariableMetadata,name,skos:exactMatch,name,1.0,semapv:StructuralMapping,string,False,str,True,,,"direct, type_compatible True",not looked up (direct row),,,,
d4d:VersionAccess/description,VersionAccess,description,skos:exactMatch,description,1.0,semapv:StructuralMapping,string,False,str,True,,,"direct, type_compatible True",not looked up (direct row),,,,
d4d:VersionAccess/name,VersionAccess,name,skos:exactMatch,name,1.0,semapv:StructuralMapping,string,False,str,True,,,"direct, type_compatible True",not looked up (direct row),,,,
