job_id,rubric,project,cohort,generation_rep,rating,input,evaluation,total_points,max_points,excluded_max_points,adjusted_max_points,fixed_pct,adjusted_pct,uplift_pp,reported_fixed_pct,reported_adjusted_pct,fixed_rank,adjusted_rank,rank_change,n_excluded_items,excluded_codes,excluded_names,x_left,x_right,strip_size_left,strip_size_right,line_color
AI_READI_v7_rep1_r10_rating1,rubric10-semantic,AI_READI,v7,1,1,data/d4d_concatenated/claudecode_agent/2026-09-01_claude-opus-5-api-generic-v7_rep1/AI_READI_d4d.yaml,data/evaluation_llm/rubric10_semantic/reference_2026-09-12_cborg_runtime/AI_READI_v7_rep1_r10_rating1_evaluation.json,49,50,0,50,98.0,98.0,0.0,98.0,98.0,5.0,5.0,0.0,0,,,-0.045,1.045,9,9,#898781
AI_READI_v7_rep2_r10_rating1,rubric10-semantic,AI_READI,v7,2,1,data/d4d_concatenated/claudecode_agent/2026-09-01_claude-opus-5-api-generic-v7_rep2/AI_READI_d4d.yaml,data/evaluation_llm/rubric10_semantic/reference_2026-09-12_cborg_runtime/AI_READI_v7_rep2_r10_rating1_evaluation.json,49,50,0,50,98.0,98.0,0.0,98.0,98.0,5.0,5.0,0.0,0,,,-0.107,1.107,9,9,#898781
AI_READI_v7_rep3_r10_rating1,rubric10-semantic,AI_READI,v7,3,1,data/d4d_concatenated/claudecode_agent/2026-09-01_claude-opus-5-api-generic-v7_rep3/AI_READI_d4d.yaml,data/evaluation_llm/rubric10_semantic/reference_2026-09-12_cborg_runtime/AI_READI_v7_rep3_r10_rating1_evaluation.json,49,50,0,50,98.0,98.0,0.0,98.0,98.0,5.0,5.0,0.0,0,,,-0.169,1.169,9,9,#898781
AI_READI_v8_rep1_r10_rating1,rubric10-semantic,AI_READI,v8,1,1,data/d4d_concatenated/claudecode_api/2026-09-04g_claude-opus-5-api-generic-v8_rep1/AI_READI_d4d.yaml,data/evaluation_llm/rubric10_semantic/reference_2026-09-12_cborg_runtime/AI_READI_v8_rep1_r10_rating1_evaluation.json,49,50,0,50,98.0,98.0,0.0,98.0,98.0,5.0,5.0,0.0,0,,,-0.231,1.231,9,9,#898781
AI_READI_v8_rep2_r10_rating1,rubric10-semantic,AI_READI,v8,2,1,data/d4d_concatenated/claudecode_api/2026-09-04g_claude-opus-5-api-generic-v8_rep2/AI_READI_d4d.yaml,data/evaluation_llm/rubric10_semantic/reference_2026-09-12_cborg_runtime/AI_READI_v8_rep2_r10_rating1_evaluation.json,49,50,0,50,98.0,98.0,0.0,98.0,98.0,5.0,5.0,0.0,0,,,-0.293,1.293,9,9,#898781
AI_READI_v8_rep3_r10_rating1,rubric10-semantic,AI_READI,v8,3,1,data/d4d_concatenated/claudecode_api/2026-09-04g_claude-opus-5-api-generic-v8_rep3/AI_READI_d4d.yaml,data/evaluation_llm/rubric10_semantic/reference_2026-09-12_cborg_runtime/AI_READI_v8_rep3_r10_rating1_evaluation.json,49,50,0,50,98.0,98.0,0.0,98.0,98.0,5.0,5.0,0.0,0,,,-0.355,1.355,9,9,#898781
CHORUS_v7_rep1_r10_rating1,rubric10-semantic,CHORUS,v7,1,1,data/d4d_concatenated/claudecode_agent/2026-09-01_claude-opus-5-api-generic-v7_rep1/CHORUS_d4d.yaml,data/evaluation_llm/rubric10_semantic/reference_2026-09-12_cborg_runtime/CHORUS_v7_rep1_r10_rating1_evaluation.json,34,50,0,50,68.0,68.0,0.0,68.0,68.0,20.5,20.5,0.0,0,,,-0.045,1.045,2,2,#e87ba4
CHORUS_v7_rep2_r10_rating1,rubric10-semantic,CHORUS,v7,2,1,data/d4d_concatenated/claudecode_agent/2026-09-01_claude-opus-5-api-generic-v7_rep2/CHORUS_d4d.yaml,data/evaluation_llm/rubric10_semantic/reference_2026-09-12_cborg_runtime/CHORUS_v7_rep2_r10_rating1_evaluation.json,30,50,0,50,60.0,60.0,0.0,60.0,60.0,24.0,24.0,0.0,0,,,-0.045,1.045,1,1,#e87ba4
CHORUS_v7_rep3_r10_rating1,rubric10-semantic,CHORUS,v7,3,1,data/d4d_concatenated/claudecode_agent/2026-09-01_claude-opus-5-api-generic-v7_rep3/CHORUS_d4d.yaml,data/evaluation_llm/rubric10_semantic/reference_2026-09-12_cborg_runtime/CHORUS_v7_rep3_r10_rating1_evaluation.json,33,50,0,50,66.0,66.0,0.0,66.0,66.0,22.5,22.5,0.0,0,,,-0.045,1.045,2,2,#e87ba4
CHORUS_v8_rep1_r10_rating1,rubric10-semantic,CHORUS,v8,1,1,data/d4d_concatenated/claudecode_api/2026-09-04f_claude-opus-5-api-generic-v8_rep1/CHORUS_d4d.yaml,data/evaluation_llm/rubric10_semantic/reference_2026-09-12_cborg_runtime/CHORUS_v8_rep1_r10_rating1_evaluation.json,34,50,0,50,68.0,68.0,0.0,68.0,68.0,20.5,20.5,0.0,0,,,-0.107,1.107,2,2,#e87ba4
CHORUS_v8_rep2_r10_rating1,rubric10-semantic,CHORUS,v8,2,1,data/d4d_concatenated/claudecode_api/2026-09-04f_claude-opus-5-api-generic-v8_rep2/CHORUS_d4d.yaml,data/evaluation_llm/rubric10_semantic/reference_2026-09-12_cborg_runtime/CHORUS_v8_rep2_r10_rating1_evaluation.json,36,50,0,50,72.0,72.0,0.0,72.0,72.0,19.0,19.0,0.0,0,,,-0.045,1.045,1,1,#e87ba4
CHORUS_v8_rep3_r10_rating1,rubric10-semantic,CHORUS,v8,3,1,data/d4d_concatenated/claudecode_api/2026-09-04f_claude-opus-5-api-generic-v8_rep3/CHORUS_d4d.yaml,data/evaluation_llm/rubric10_semantic/reference_2026-09-12_cborg_runtime/CHORUS_v8_rep3_r10_rating1_evaluation.json,33,50,0,50,66.0,66.0,0.0,66.0,66.0,22.5,22.5,0.0,0,,,-0.107,1.107,2,2,#e87ba4
CM4AI_v7_rep1_r10_rating1,rubric10-semantic,CM4AI,v7,1,1,data/d4d_concatenated/claudecode_agent/2026-09-01_claude-opus-5-api-generic-v7_rep1/CM4AI_d4d.yaml,data/evaluation_llm/rubric10_semantic/reference_2026-09-12_cborg_runtime/CM4AI_v7_rep1_r10_rating1_evaluation.json,43,50,3,47,86.0,91.4894,5.4894,86.0,91.49,13.5,13.5,0.0,3,4.3; 4.4; 4.5,Privacy Protections and Re-identification Risk Assessment; Informed Consent Obtained from Participants; Vulnerable Populations and Compensation Documented,-0.045,1.045,2,2,#008300
CM4AI_v7_rep2_r10_rating1,rubric10-semantic,CM4AI,v7,2,1,data/d4d_concatenated/claudecode_agent/2026-09-01_claude-opus-5-api-generic-v7_rep2/CM4AI_d4d.yaml,data/evaluation_llm/rubric10_semantic/reference_2026-09-12_cborg_runtime/CM4AI_v7_rep2_r10_rating1_evaluation.json,43,50,3,47,86.0,91.4894,5.4894,86.0,91.5,13.5,13.5,0.0,3,4.3; 4.4; 4.5,Privacy Protections and Re-identification Risk Assessment; Informed Consent Obtained from Participants; Vulnerable Populations and Compensation Documented,-0.107,1.107,2,2,#008300
CM4AI_v7_rep3_r10_rating1,rubric10-semantic,CM4AI,v7,3,1,data/d4d_concatenated/claudecode_agent/2026-09-01_claude-opus-5-api-generic-v7_rep3/CM4AI_d4d.yaml,data/evaluation_llm/rubric10_semantic/reference_2026-09-12_cborg_runtime/CM4AI_v7_rep3_r10_rating1_evaluation.json,42,50,3,47,84.0,89.3617,5.3617,84.0,89.4,15.0,15.0,0.0,3,4.3; 4.4; 4.5,Privacy Protections and Re-identification Risk Assessment; Informed Consent Obtained from Participants; Vulnerable Populations and Compensation Documented,-0.045,1.045,1,1,#008300
CM4AI_v8_rep1_r10_rating1,rubric10-semantic,CM4AI,v8,1,1,data/d4d_concatenated/claudecode_api/2026-09-04g_claude-opus-5-api-generic-v8_rep1/CM4AI_d4d.yaml,data/evaluation_llm/rubric10_semantic/reference_2026-09-12_cborg_runtime/CM4AI_v8_rep1_r10_rating1_evaluation.json,39,50,3,47,78.0,82.9787,4.9787,78.0,82.98,18.0,18.0,0.0,3,4.3; 4.4; 4.5,Privacy Protections and Re-identification Risk Assessment; Informed Consent Obtained from Participants; Vulnerable Populations and Compensation Documented,-0.045,1.045,1,1,#008300
CM4AI_v8_rep2_r10_rating1,rubric10-semantic,CM4AI,v8,2,1,data/d4d_concatenated/claudecode_api/2026-09-04g_claude-opus-5-api-generic-v8_rep2/CM4AI_d4d.yaml,data/evaluation_llm/rubric10_semantic/reference_2026-09-12_cborg_runtime/CM4AI_v8_rep2_r10_rating1_evaluation.json,41,50,3,47,82.0,87.234,5.234,82.0,87.2,16.0,16.0,0.0,3,4.3; 4.4; 4.5,Privacy Protections and Re-identification Risk Assessment; Informed Consent Obtained from Participants; Vulnerable Populations and Compensation Documented,-0.045,1.045,1,1,#008300
CM4AI_v8_rep3_r10_rating1,rubric10-semantic,CM4AI,v8,3,1,data/d4d_concatenated/claudecode_api/2026-09-04g_claude-opus-5-api-generic-v8_rep3/CM4AI_d4d.yaml,data/evaluation_llm/rubric10_semantic/reference_2026-09-12_cborg_runtime/CM4AI_v8_rep3_r10_rating1_evaluation.json,40,50,3,47,80.0,85.1064,5.1064,80.0,85.1,17.0,17.0,0.0,3,4.3; 4.4; 4.5,Privacy Protections and Re-identification Risk Assessment; Informed Consent Obtained from Participants; Vulnerable Populations and Compensation Documented,-0.045,1.045,1,1,#008300
VOICE_v7_rep1_r10_rating1,rubric10-semantic,VOICE,v7,1,1,data/d4d_concatenated/claudecode_agent/2026-09-01_claude-opus-5-api-generic-v7_rep1/VOICE_d4d.yaml,data/evaluation_llm/rubric10_semantic/reference_2026-09-12_cborg_runtime/VOICE_v7_rep1_r10_rating1_evaluation.json,49,50,0,50,98.0,98.0,0.0,98.0,98.0,5.0,5.0,0.0,0,,,-0.417,1.417,9,9,#898781
VOICE_v7_rep2_r10_rating1,rubric10-semantic,VOICE,v7,2,1,data/d4d_concatenated/claudecode_agent/2026-09-01_claude-opus-5-api-generic-v7_rep2/VOICE_d4d.yaml,data/evaluation_llm/rubric10_semantic/reference_2026-09-12_cborg_runtime/VOICE_v7_rep2_r10_rating1_evaluation.json,49,50,0,50,98.0,98.0,0.0,98.0,98.0,5.0,5.0,0.0,0,,,-0.479,1.479,9,9,#898781
VOICE_v7_rep3_r10_rating1,rubric10-semantic,VOICE,v7,3,1,data/d4d_concatenated/claudecode_agent/2026-09-01_claude-opus-5-api-generic-v7_rep3/VOICE_d4d.yaml,data/evaluation_llm/rubric10_semantic/reference_2026-09-12_cborg_runtime/VOICE_v7_rep3_r10_rating1_evaluation.json,48,50,0,50,96.0,96.0,0.0,96.0,96.0,11.0,11.0,0.0,0,,,-0.045,1.045,3,3,#4a3aa7
VOICE_v8_rep1_r10_rating1,rubric10-semantic,VOICE,v8,1,1,data/d4d_concatenated/claudecode_api/2026-09-04f_claude-opus-5-api-generic-v8_rep1/VOICE_d4d.yaml,data/evaluation_llm/rubric10_semantic/reference_2026-09-12_cborg_runtime/VOICE_v8_rep1_r10_rating1_evaluation.json,49,50,0,50,98.0,98.0,0.0,98.0,98.0,5.0,5.0,0.0,0,,,-0.541,1.541,9,9,#898781
VOICE_v8_rep2_r10_rating1,rubric10-semantic,VOICE,v8,2,1,data/d4d_concatenated/claudecode_api/2026-09-04f_claude-opus-5-api-generic-v8_rep2/VOICE_d4d.yaml,data/evaluation_llm/rubric10_semantic/reference_2026-09-12_cborg_runtime/VOICE_v8_rep2_r10_rating1_evaluation.json,48,50,0,50,96.0,96.0,0.0,96.0,96.0,11.0,11.0,0.0,0,,,-0.107,1.107,3,3,#4a3aa7
VOICE_v8_rep3_r10_rating1,rubric10-semantic,VOICE,v8,3,1,data/d4d_concatenated/claudecode_api/2026-09-04f_claude-opus-5-api-generic-v8_rep3/VOICE_d4d.yaml,data/evaluation_llm/rubric10_semantic/reference_2026-09-12_cborg_runtime/VOICE_v8_rep3_r10_rating1_evaluation.json,48,50,0,50,96.0,96.0,0.0,96.0,96.0,11.0,11.0,0.0,0,,,-0.169,1.169,3,3,#4a3aa7
AI_READI_v7_rep1_r20_rating1,rubric20-semantic,AI_READI,v7,1,1,data/d4d_concatenated/claudecode_agent/2026-09-01_claude-opus-5-api-generic-v7_rep1/AI_READI_d4d.yaml,data/evaluation_llm/rubric20_semantic/reference_2026-09-12_cborg_runtime/AI_READI_v7_rep1_r20_rating1_evaluation.json,82,88,0,88,93.1818,93.1818,0.0,93.2,93.2,5.5,5.5,0.0,0,,,-0.045,1.045,4,4,#898781
AI_READI_v7_rep2_r20_rating1,rubric20-semantic,AI_READI,v7,2,1,data/d4d_concatenated/claudecode_agent/2026-09-01_claude-opus-5-api-generic-v7_rep2/AI_READI_d4d.yaml,data/evaluation_llm/rubric20_semantic/reference_2026-09-12_cborg_runtime/AI_READI_v7_rep2_r20_rating1_evaluation.json,83,88,0,88,94.3182,94.3182,0.0,94.3,94.3,2.5,2.5,0.0,0,,,-0.045,1.045,2,2,#eda100
AI_READI_v7_rep3_r20_rating1,rubric20-semantic,AI_READI,v7,3,1,data/d4d_concatenated/claudecode_agent/2026-09-01_claude-opus-5-api-generic-v7_rep3/AI_READI_d4d.yaml,data/evaluation_llm/rubric20_semantic/reference_2026-09-12_cborg_runtime/AI_READI_v7_rep3_r20_rating1_evaluation.json,85,88,0,88,96.5909,96.5909,0.0,96.6,96.6,1.0,1.0,0.0,0,,,-0.045,1.045,1,1,#eda100
AI_READI_v8_rep1_r20_rating1,rubric20-semantic,AI_READI,v8,1,1,data/d4d_concatenated/claudecode_api/2026-09-04g_claude-opus-5-api-generic-v8_rep1/AI_READI_d4d.yaml,data/evaluation_llm/rubric20_semantic/reference_2026-09-12_cborg_runtime/AI_READI_v8_rep1_r20_rating1_evaluation.json,82,88,0,88,93.1818,93.1818,0.0,93.2,93.2,5.5,5.5,0.0,0,,,-0.107,1.107,4,4,#898781
AI_READI_v8_rep2_r20_rating1,rubric20-semantic,AI_READI,v8,2,1,data/d4d_concatenated/claudecode_api/2026-09-04g_claude-opus-5-api-generic-v8_rep2/AI_READI_d4d.yaml,data/evaluation_llm/rubric20_semantic/reference_2026-09-12_cborg_runtime/AI_READI_v8_rep2_r20_rating1_evaluation.json,82,88,0,88,93.1818,93.1818,0.0,93.2,93.2,5.5,5.5,0.0,0,,,-0.169,1.169,4,4,#898781
AI_READI_v8_rep3_r20_rating1,rubric20-semantic,AI_READI,v8,3,1,data/d4d_concatenated/claudecode_api/2026-09-04g_claude-opus-5-api-generic-v8_rep3/AI_READI_d4d.yaml,data/evaluation_llm/rubric20_semantic/reference_2026-09-12_cborg_runtime/AI_READI_v8_rep3_r20_rating1_evaluation.json,83,88,0,88,94.3182,94.3182,0.0,94.3,94.3,2.5,2.5,0.0,0,,,-0.107,1.107,2,2,#eda100
CHORUS_v7_rep1_r20_rating1,rubric20-semantic,CHORUS,v7,1,1,data/d4d_concatenated/claudecode_agent/2026-09-01_claude-opus-5-api-generic-v7_rep1/CHORUS_d4d.yaml,data/evaluation_llm/rubric20_semantic/reference_2026-09-12_cborg_runtime/CHORUS_v7_rep1_r20_rating1_evaluation.json,66,88,0,88,75.0,75.0,0.0,75.0,75.0,20.0,22.0,-2.0,0,,,-0.045,1.045,1,1,#e87ba4
CHORUS_v7_rep2_r20_rating1,rubric20-semantic,CHORUS,v7,2,1,data/d4d_concatenated/claudecode_agent/2026-09-01_claude-opus-5-api-generic-v7_rep2/CHORUS_d4d.yaml,data/evaluation_llm/rubric20_semantic/reference_2026-09-12_cborg_runtime/CHORUS_v7_rep2_r20_rating1_evaluation.json,64,88,0,88,72.7273,72.7273,0.0,72.7,72.7,23.0,24.0,-1.0,0,,,-0.045,1.045,3,1,#e87ba4
CHORUS_v7_rep3_r20_rating1,rubric20-semantic,CHORUS,v7,3,1,data/d4d_concatenated/claudecode_agent/2026-09-01_claude-opus-5-api-generic-v7_rep3/CHORUS_d4d.yaml,data/evaluation_llm/rubric20_semantic/reference_2026-09-12_cborg_runtime/CHORUS_v7_rep3_r20_rating1_evaluation.json,67,88,0,88,76.1364,76.1364,0.0,76.1,76.1,18.5,20.5,-2.0,0,,,-0.045,1.045,2,2,#e87ba4
CHORUS_v8_rep1_r20_rating1,rubric20-semantic,CHORUS,v8,1,1,data/d4d_concatenated/claudecode_api/2026-09-04f_claude-opus-5-api-generic-v8_rep1/CHORUS_d4d.yaml,data/evaluation_llm/rubric20_semantic/reference_2026-09-12_cborg_runtime/CHORUS_v8_rep1_r20_rating1_evaluation.json,67,88,0,88,76.1364,76.1364,0.0,76.1,76.1,18.5,20.5,-2.0,0,,,-0.107,1.107,2,2,#e87ba4
CHORUS_v8_rep2_r20_rating1,rubric20-semantic,CHORUS,v8,2,1,data/d4d_concatenated/claudecode_api/2026-09-04f_claude-opus-5-api-generic-v8_rep2/CHORUS_d4d.yaml,data/evaluation_llm/rubric20_semantic/reference_2026-09-12_cborg_runtime/CHORUS_v8_rep2_r20_rating1_evaluation.json,68,88,0,88,77.2727,77.2727,0.0,77.3,77.3,17.0,19.0,-2.0,0,,,-0.045,1.045,1,1,#e87ba4
CHORUS_v8_rep3_r20_rating1,rubric20-semantic,CHORUS,v8,3,1,data/d4d_concatenated/claudecode_api/2026-09-04f_claude-opus-5-api-generic-v8_rep3/CHORUS_d4d.yaml,data/evaluation_llm/rubric20_semantic/reference_2026-09-12_cborg_runtime/CHORUS_v8_rep3_r20_rating1_evaluation.json,65,88,0,88,73.8636,73.8636,0.0,73.9,73.9,21.0,23.0,-2.0,0,,,-0.045,1.045,1,1,#e87ba4
CM4AI_v7_rep1_r20_rating1,rubric20-semantic,CM4AI,v7,1,1,data/d4d_concatenated/claudecode_agent/2026-09-01_claude-opus-5-api-generic-v7_rep1/CM4AI_d4d.yaml,data/evaluation_llm/rubric20_semantic/reference_2026-09-12_cborg_runtime/CM4AI_v7_rep1_r20_rating1_evaluation.json,75,88,0,88,85.2273,85.2273,0.0,85.2,85.2,14.0,14.0,0.0,0,,,-0.045,1.045,1,1,#008300
CM4AI_v7_rep2_r20_rating1,rubric20-semantic,CM4AI,v7,2,1,data/d4d_concatenated/claudecode_agent/2026-09-01_claude-opus-5-api-generic-v7_rep2/CM4AI_d4d.yaml,data/evaluation_llm/rubric20_semantic/reference_2026-09-12_cborg_runtime/CM4AI_v7_rep2_r20_rating1_evaluation.json,64,88,10,78,72.7273,82.0513,9.324,72.7,82.1,23.0,15.5,7.5,2,Q8; Q15,Ethical and Privacy Declarations; Human Subject Representation,-0.107,1.045,3,2,#008300
CM4AI_v7_rep3_r20_rating1,rubric20-semantic,CM4AI,v7,3,1,data/d4d_concatenated/claudecode_agent/2026-09-01_claude-opus-5-api-generic-v7_rep3/CM4AI_d4d.yaml,data/evaluation_llm/rubric20_semantic/reference_2026-09-12_cborg_runtime/CM4AI_v7_rep3_r20_rating1_evaluation.json,79,88,0,88,89.7727,89.7727,0.0,89.8,89.8,11.0,11.0,0.0,0,,,-0.045,1.045,1,1,#008300
CM4AI_v8_rep1_r20_rating1,rubric20-semantic,CM4AI,v8,1,1,data/d4d_concatenated/claudecode_api/2026-09-04g_claude-opus-5-api-generic-v8_rep1/CM4AI_d4d.yaml,data/evaluation_llm/rubric20_semantic/reference_2026-09-12_cborg_runtime/CM4AI_v8_rep1_r20_rating1_evaluation.json,70,88,0,88,79.5455,79.5455,0.0,79.5,79.5,15.0,17.0,-2.0,0,,,-0.045,1.045,1,1,#008300
CM4AI_v8_rep2_r20_rating1,rubric20-semantic,CM4AI,v8,2,1,data/d4d_concatenated/claudecode_api/2026-09-04g_claude-opus-5-api-generic-v8_rep2/CM4AI_d4d.yaml,data/evaluation_llm/rubric20_semantic/reference_2026-09-12_cborg_runtime/CM4AI_v8_rep2_r20_rating1_evaluation.json,64,88,10,78,72.7273,82.0513,9.324,72.7,82.1,23.0,15.5,7.5,2,Q8; Q15,Ethical and Privacy Declarations; Human Subject Representation,-0.169,1.107,3,2,#008300
CM4AI_v8_rep3_r20_rating1,rubric20-semantic,CM4AI,v8,3,1,data/d4d_concatenated/claudecode_api/2026-09-04g_claude-opus-5-api-generic-v8_rep3/CM4AI_d4d.yaml,data/evaluation_llm/rubric20_semantic/reference_2026-09-12_cborg_runtime/CM4AI_v8_rep3_r20_rating1_evaluation.json,69,88,0,88,78.4091,78.4091,0.0,78.4,78.4,16.0,18.0,-2.0,0,,,-0.045,1.045,1,1,#008300
VOICE_v7_rep1_r20_rating1,rubric20-semantic,VOICE,v7,1,1,data/d4d_concatenated/claudecode_agent/2026-09-01_claude-opus-5-api-generic-v7_rep1/VOICE_d4d.yaml,data/evaluation_llm/rubric20_semantic/reference_2026-09-12_cborg_runtime/VOICE_v7_rep1_r20_rating1_evaluation.json,81,88,0,88,92.0455,92.0455,0.0,92.0,92.0,8.0,8.0,0.0,0,,,-0.045,1.045,1,1,#4a3aa7
VOICE_v7_rep2_r20_rating1,rubric20-semantic,VOICE,v7,2,1,data/d4d_concatenated/claudecode_agent/2026-09-01_claude-opus-5-api-generic-v7_rep2/VOICE_d4d.yaml,data/evaluation_llm/rubric20_semantic/reference_2026-09-12_cborg_runtime/VOICE_v7_rep2_r20_rating1_evaluation.json,80,88,0,88,90.9091,90.9091,0.0,90.9,90.9,9.5,9.5,0.0,0,,,-0.045,1.045,2,2,#4a3aa7
VOICE_v7_rep3_r20_rating1,rubric20-semantic,VOICE,v7,3,1,data/d4d_concatenated/claudecode_agent/2026-09-01_claude-opus-5-api-generic-v7_rep3/VOICE_d4d.yaml,data/evaluation_llm/rubric20_semantic/reference_2026-09-12_cborg_runtime/VOICE_v7_rep3_r20_rating1_evaluation.json,82,88,0,88,93.1818,93.1818,0.0,93.2,93.2,5.5,5.5,0.0,0,,,-0.231,1.231,4,4,#898781
VOICE_v8_rep1_r20_rating1,rubric20-semantic,VOICE,v8,1,1,data/d4d_concatenated/claudecode_api/2026-09-04f_claude-opus-5-api-generic-v8_rep1/VOICE_d4d.yaml,data/evaluation_llm/rubric20_semantic/reference_2026-09-12_cborg_runtime/VOICE_v8_rep1_r20_rating1_evaluation.json,78,88,0,88,88.6364,88.6364,0.0,88.6,88.6,12.0,12.0,0.0,0,,,-0.045,1.045,1,1,#4a3aa7
VOICE_v8_rep2_r20_rating1,rubric20-semantic,VOICE,v8,2,1,data/d4d_concatenated/claudecode_api/2026-09-04f_claude-opus-5-api-generic-v8_rep2/VOICE_d4d.yaml,data/evaluation_llm/rubric20_semantic/reference_2026-09-12_cborg_runtime/VOICE_v8_rep2_r20_rating1_evaluation.json,77,88,0,88,87.5,87.5,0.0,87.5,87.5,13.0,13.0,0.0,0,,,-0.045,1.045,1,1,#4a3aa7
VOICE_v8_rep3_r20_rating1,rubric20-semantic,VOICE,v8,3,1,data/d4d_concatenated/claudecode_api/2026-09-04f_claude-opus-5-api-generic-v8_rep3/VOICE_d4d.yaml,data/evaluation_llm/rubric20_semantic/reference_2026-09-12_cborg_runtime/VOICE_v8_rep3_r20_rating1_evaluation.json,80,88,0,88,90.9091,90.9091,0.0,90.9,90.9,9.5,9.5,0.0,0,,,-0.107,1.107,2,2,#4a3aa7
