quantity,value
schema_version,3.0.0
classes_merged,79
enums_merged,18
yaml_files_in_schema_dir,25
local_modules_imported_by_root,13
files_not_imported_by_root,9
generated_merged_files,2
schema_dir_git_status,clean
class_valued_slots_induced,217
class_valued_slots_declared,84
dataset_class_valued_slots,68
imported_files_reached_by_dataset_slots,12
max_depth,2
reachable_classes_incl_dataset,73
depth1_classes,66
depth2_classes,6
classes_added_at_depth3,0
not_reachable_classes,6
isa_links,74
isa_datasetproperty,65
detail_classes,21
detail_slots_named_on_lines,28
detail_dataset_slots_drawn,13
detail_dataset_slots_not_drawn,55
detail_slots_into_depth2,12
detail_classes_declaring_slots_into_depth2,9
inherited_slot_copies_not_drawn_in_detail,133
