kind,source,slot,target,declared_on,inherited,source_file,target_file,source_depth,target_depth,drawn
class-valued slot,DatasetCollection,resources,Dataset,DatasetCollection,no,data_sheets_schema.yaml,data_sheets_schema.yaml,not reachable,0,fig17_schema_architecture (root file note)
class-valued slot,Dataset,file_collections,FileCollection,Dataset,no,data_sheets_schema.yaml,D4D_FileCollection.yaml,0,1,fig17_schema_architecture (counted on the solid branch to the range's file); fig17_schema_architecture_b (named line)
class-valued slot,Dataset,purposes,Purpose,Dataset,no,data_sheets_schema.yaml,D4D_Motivation.yaml,0,1,fig17_schema_architecture (counted on the solid branch to the range's file)
class-valued slot,Dataset,tasks,Task,Dataset,no,data_sheets_schema.yaml,D4D_Motivation.yaml,0,1,fig17_schema_architecture (counted on the solid branch to the range's file)
class-valued slot,Dataset,addressing_gaps,AddressingGap,Dataset,no,data_sheets_schema.yaml,D4D_Motivation.yaml,0,1,fig17_schema_architecture (counted on the solid branch to the range's file)
class-valued slot,Dataset,creators,Creator,Dataset,no,data_sheets_schema.yaml,D4D_Motivation.yaml,0,1,fig17_schema_architecture (counted on the solid branch to the range's file); fig17_schema_architecture_b (named line)
class-valued slot,Dataset,funders,FundingMechanism,Dataset,no,data_sheets_schema.yaml,D4D_Motivation.yaml,0,1,fig17_schema_architecture (counted on the solid branch to the range's file); fig17_schema_architecture_b (named line)
class-valued slot,Dataset,subsets,DataSubset,Dataset,no,data_sheets_schema.yaml,data_sheets_schema.yaml,0,1,fig17_schema_architecture (root file note); fig17_schema_architecture_b (named line)
class-valued slot,Dataset,instances,Instance,Dataset,no,data_sheets_schema.yaml,D4D_Composition.yaml,0,1,fig17_schema_architecture (counted on the solid branch to the range's file); fig17_schema_architecture_b (named line)
class-valued slot,Dataset,anomalies,DataAnomaly,Dataset,no,data_sheets_schema.yaml,D4D_Composition.yaml,0,1,fig17_schema_architecture (counted on the solid branch to the range's file)
class-valued slot,Dataset,known_biases,DatasetBias,Dataset,no,data_sheets_schema.yaml,D4D_Composition.yaml,0,1,fig17_schema_architecture (counted on the solid branch to the range's file)
class-valued slot,Dataset,known_limitations,DatasetLimitation,Dataset,no,data_sheets_schema.yaml,D4D_Composition.yaml,0,1,fig17_schema_architecture (counted on the solid branch to the range's file)
class-valued slot,Dataset,confidential_elements,Confidentiality,Dataset,no,data_sheets_schema.yaml,D4D_Composition.yaml,0,1,fig17_schema_architecture (counted on the solid branch to the range's file)
class-valued slot,Dataset,content_warnings,ContentWarning,Dataset,no,data_sheets_schema.yaml,D4D_Composition.yaml,0,1,fig17_schema_architecture (counted on the solid branch to the range's file)
class-valued slot,Dataset,subpopulations,Subpopulation,Dataset,no,data_sheets_schema.yaml,D4D_Composition.yaml,0,1,fig17_schema_architecture (counted on the solid branch to the range's file)
class-valued slot,Dataset,sensitive_elements,SensitiveElement,Dataset,no,data_sheets_schema.yaml,D4D_Composition.yaml,0,1,fig17_schema_architecture (counted on the solid branch to the range's file)
class-valued slot,Dataset,relationships,Relationships,Dataset,no,data_sheets_schema.yaml,D4D_Composition.yaml,0,1,fig17_schema_architecture (counted on the solid branch to the range's file)
class-valued slot,Dataset,splits,Splits,Dataset,no,data_sheets_schema.yaml,D4D_Composition.yaml,0,1,fig17_schema_architecture (counted on the solid branch to the range's file)
class-valued slot,Dataset,acquisition_methods,InstanceAcquisition,Dataset,no,data_sheets_schema.yaml,D4D_Collection.yaml,0,1,fig17_schema_architecture (counted on the solid branch to the range's file)
class-valued slot,Dataset,collection_mechanisms,CollectionMechanism,Dataset,no,data_sheets_schema.yaml,D4D_Collection.yaml,0,1,fig17_schema_architecture (counted on the solid branch to the range's file)
class-valued slot,Dataset,sampling_strategies,SamplingStrategy,Dataset,no,data_sheets_schema.yaml,D4D_Composition.yaml,0,1,fig17_schema_architecture (counted on the solid branch to the range's file); fig17_schema_architecture_b (named line)
class-valued slot,Dataset,data_collectors,DataCollector,Dataset,no,data_sheets_schema.yaml,D4D_Collection.yaml,0,1,fig17_schema_architecture (counted on the solid branch to the range's file)
class-valued slot,Dataset,collection_timeframes,CollectionTimeframe,Dataset,no,data_sheets_schema.yaml,D4D_Collection.yaml,0,1,fig17_schema_architecture (counted on the solid branch to the range's file)
class-valued slot,Dataset,direct_collection,DirectCollection,Dataset,no,data_sheets_schema.yaml,D4D_Collection.yaml,0,1,fig17_schema_architecture (counted on the solid branch to the range's file)
class-valued slot,Dataset,collection_notifications,CollectionNotification,Dataset,no,data_sheets_schema.yaml,D4D_Ethics.yaml,0,1,fig17_schema_architecture (counted on the solid branch to the range's file)
class-valued slot,Dataset,collection_consents,CollectionConsent,Dataset,no,data_sheets_schema.yaml,D4D_Ethics.yaml,0,1,fig17_schema_architecture (counted on the solid branch to the range's file)
class-valued slot,Dataset,consent_revocations,ConsentRevocation,Dataset,no,data_sheets_schema.yaml,D4D_Ethics.yaml,0,1,fig17_schema_architecture (counted on the solid branch to the range's file)
class-valued slot,Dataset,missing_data_documentation,MissingDataDocumentation,Dataset,no,data_sheets_schema.yaml,D4D_Collection.yaml,0,1,fig17_schema_architecture (counted on the solid branch to the range's file)
class-valued slot,Dataset,raw_data_sources,RawDataSource,Dataset,no,data_sheets_schema.yaml,D4D_Collection.yaml,0,1,fig17_schema_architecture (counted on the solid branch to the range's file)
class-valued slot,Dataset,ethical_reviews,EthicalReview,Dataset,no,data_sheets_schema.yaml,D4D_Ethics.yaml,0,1,fig17_schema_architecture (counted on the solid branch to the range's file); fig17_schema_architecture_b (named line)
class-valued slot,Dataset,data_protection_impacts,DataProtectionImpact,Dataset,no,data_sheets_schema.yaml,D4D_Ethics.yaml,0,1,fig17_schema_architecture (counted on the solid branch to the range's file)
class-valued slot,Dataset,human_subject_research,HumanSubjectResearch,Dataset,no,data_sheets_schema.yaml,D4D_Human.yaml,0,1,fig17_schema_architecture (counted on the solid branch to the range's file)
class-valued slot,Dataset,informed_consent,InformedConsent,Dataset,no,data_sheets_schema.yaml,D4D_Human.yaml,0,1,fig17_schema_architecture (counted on the solid branch to the range's file)
class-valued slot,Dataset,at_risk_populations,AtRiskPopulations,Dataset,no,data_sheets_schema.yaml,D4D_Human.yaml,0,1,fig17_schema_architecture (counted on the solid branch to the range's file)
class-valued slot,Dataset,participant_privacy,ParticipantPrivacy,Dataset,no,data_sheets_schema.yaml,D4D_Human.yaml,0,1,fig17_schema_architecture (counted on the solid branch to the range's file)
class-valued slot,Dataset,participant_compensation,HumanSubjectCompensation,Dataset,no,data_sheets_schema.yaml,D4D_Human.yaml,0,1,fig17_schema_architecture (counted on the solid branch to the range's file)
class-valued slot,Dataset,preprocessing_strategies,PreprocessingStrategy,Dataset,no,data_sheets_schema.yaml,D4D_Preprocessing.yaml,0,1,fig17_schema_architecture (counted on the solid branch to the range's file)
class-valued slot,Dataset,cleaning_strategies,CleaningStrategy,Dataset,no,data_sheets_schema.yaml,D4D_Preprocessing.yaml,0,1,fig17_schema_architecture (counted on the solid branch to the range's file)
class-valued slot,Dataset,labeling_strategies,LabelingStrategy,Dataset,no,data_sheets_schema.yaml,D4D_Preprocessing.yaml,0,1,fig17_schema_architecture (counted on the solid branch to the range's file)
class-valued slot,Dataset,raw_sources,RawData,Dataset,no,data_sheets_schema.yaml,D4D_Preprocessing.yaml,0,1,fig17_schema_architecture (counted on the solid branch to the range's file)
class-valued slot,Dataset,imputation_protocols,ImputationProtocol,Dataset,no,data_sheets_schema.yaml,D4D_Preprocessing.yaml,0,1,fig17_schema_architecture (counted on the solid branch to the range's file)
class-valued slot,Dataset,annotation_analyses,AnnotationAnalysis,Dataset,no,data_sheets_schema.yaml,D4D_Preprocessing.yaml,0,1,fig17_schema_architecture (counted on the solid branch to the range's file)
class-valued slot,Dataset,machine_annotation_tools,MachineAnnotationTools,Dataset,no,data_sheets_schema.yaml,D4D_Preprocessing.yaml,0,1,fig17_schema_architecture (counted on the solid branch to the range's file)
class-valued slot,Dataset,existing_uses,ExistingUse,Dataset,no,data_sheets_schema.yaml,D4D_Uses.yaml,0,1,fig17_schema_architecture (counted on the solid branch to the range's file)
class-valued slot,Dataset,use_repository,UseRepository,Dataset,no,data_sheets_schema.yaml,D4D_Uses.yaml,0,1,fig17_schema_architecture (counted on the solid branch to the range's file)
class-valued slot,Dataset,other_tasks,OtherTask,Dataset,no,data_sheets_schema.yaml,D4D_Uses.yaml,0,1,fig17_schema_architecture (counted on the solid branch to the range's file)
class-valued slot,Dataset,future_use_impacts,FutureUseImpact,Dataset,no,data_sheets_schema.yaml,D4D_Uses.yaml,0,1,fig17_schema_architecture (counted on the solid branch to the range's file)
class-valued slot,Dataset,discouraged_uses,DiscouragedUse,Dataset,no,data_sheets_schema.yaml,D4D_Uses.yaml,0,1,fig17_schema_architecture (counted on the solid branch to the range's file)
class-valued slot,Dataset,intended_uses,IntendedUse,Dataset,no,data_sheets_schema.yaml,D4D_Uses.yaml,0,1,fig17_schema_architecture (counted on the solid branch to the range's file)
class-valued slot,Dataset,prohibited_uses,ProhibitedUse,Dataset,no,data_sheets_schema.yaml,D4D_Uses.yaml,0,1,fig17_schema_architecture (counted on the solid branch to the range's file)
class-valued slot,Dataset,distribution_formats,DistributionFormat,Dataset,no,data_sheets_schema.yaml,D4D_Distribution.yaml,0,1,fig17_schema_architecture (counted on the solid branch to the range's file)
class-valued slot,Dataset,distribution_dates,DistributionDate,Dataset,no,data_sheets_schema.yaml,D4D_Distribution.yaml,0,1,fig17_schema_architecture (counted on the solid branch to the range's file)
class-valued slot,Dataset,third_party_sharing,ThirdPartySharing,Dataset,no,data_sheets_schema.yaml,D4D_Distribution.yaml,0,1,fig17_schema_architecture (counted on the solid branch to the range's file)
class-valued slot,Dataset,license_and_use_terms,LicenseAndUseTerms,Dataset,no,data_sheets_schema.yaml,D4D_Data_Governance.yaml,0,1,fig17_schema_architecture (counted on the solid branch to the range's file); fig17_schema_architecture_b (named line)
class-valued slot,Dataset,ip_restrictions,IPRestrictions,Dataset,no,data_sheets_schema.yaml,D4D_Data_Governance.yaml,0,1,fig17_schema_architecture (counted on the solid branch to the range's file)
class-valued slot,Dataset,regulatory_restrictions,ExportControlRegulatoryRestrictions,Dataset,no,data_sheets_schema.yaml,D4D_Data_Governance.yaml,0,1,fig17_schema_architecture (counted on the solid branch to the range's file); fig17_schema_architecture_b (named line)
class-valued slot,Dataset,data_governance,DataGovernance,Dataset,no,data_sheets_schema.yaml,D4D_Data_Governance.yaml,0,1,fig17_schema_architecture (counted on the solid branch to the range's file); fig17_schema_architecture_b (named line)
class-valued slot,Dataset,maintainers,Maintainer,Dataset,no,data_sheets_schema.yaml,D4D_Maintenance.yaml,0,1,fig17_schema_architecture (counted on the solid branch to the range's file)
class-valued slot,Dataset,errata,Erratum,Dataset,no,data_sheets_schema.yaml,D4D_Maintenance.yaml,0,1,fig17_schema_architecture (counted on the solid branch to the range's file)
class-valued slot,Dataset,updates,UpdatePlan,Dataset,no,data_sheets_schema.yaml,D4D_Maintenance.yaml,0,1,fig17_schema_architecture (counted on the solid branch to the range's file)
class-valued slot,Dataset,retention_limit,RetentionLimits,Dataset,no,data_sheets_schema.yaml,D4D_Maintenance.yaml,0,1,fig17_schema_architecture (counted on the solid branch to the range's file)
class-valued slot,Dataset,version_access,VersionAccess,Dataset,no,data_sheets_schema.yaml,D4D_Maintenance.yaml,0,1,fig17_schema_architecture (counted on the solid branch to the range's file)
class-valued slot,Dataset,extension_mechanism,ExtensionMechanism,Dataset,no,data_sheets_schema.yaml,D4D_Maintenance.yaml,0,1,fig17_schema_architecture (counted on the solid branch to the range's file)
class-valued slot,Dataset,variables,VariableMetadata,Dataset,no,data_sheets_schema.yaml,D4D_Variables.yaml,0,1,fig17_schema_architecture (counted on the solid branch to the range's file)
class-valued slot,Dataset,is_deidentified,Deidentification,Dataset,no,data_sheets_schema.yaml,D4D_Composition.yaml,0,1,fig17_schema_architecture (counted on the solid branch to the range's file)
class-valued slot,Dataset,parent_datasets,Dataset,Dataset,no,data_sheets_schema.yaml,data_sheets_schema.yaml,0,0,fig17_schema_architecture (root file note); fig17_schema_architecture_b (named line)
class-valued slot,Dataset,related_datasets,DatasetRelationship,Dataset,no,data_sheets_schema.yaml,D4D_Composition.yaml,0,1,fig17_schema_architecture (counted on the solid branch to the range's file)
class-valued slot,Dataset,external_resources,ExternalResource,Dataset,no,data_sheets_schema.yaml,D4D_Composition.yaml,0,1,fig17_schema_architecture (counted on the solid branch to the range's file); fig17_schema_architecture_b (named line)
class-valued slot,Dataset,resources,Dataset,Dataset,no,data_sheets_schema.yaml,data_sheets_schema.yaml,0,0,fig17_schema_architecture (root file note); fig17_schema_architecture_b (named line)
class-valued slot,DataSubset,external_resources,ExternalResource,Dataset,yes,data_sheets_schema.yaml,D4D_Composition.yaml,1,1,not drawn (inherited copy of Dataset.external_resources)
class-valued slot,DataSubset,resources,Dataset,Dataset,yes,data_sheets_schema.yaml,data_sheets_schema.yaml,1,0,not drawn (inherited copy of Dataset.resources)
class-valued slot,DataSubset,file_collections,FileCollection,Dataset,yes,data_sheets_schema.yaml,D4D_FileCollection.yaml,1,1,not drawn (inherited copy of Dataset.file_collections)
class-valued slot,DataSubset,purposes,Purpose,Dataset,yes,data_sheets_schema.yaml,D4D_Motivation.yaml,1,1,not drawn (inherited copy of Dataset.purposes)
class-valued slot,DataSubset,tasks,Task,Dataset,yes,data_sheets_schema.yaml,D4D_Motivation.yaml,1,1,not drawn (inherited copy of Dataset.tasks)
class-valued slot,DataSubset,addressing_gaps,AddressingGap,Dataset,yes,data_sheets_schema.yaml,D4D_Motivation.yaml,1,1,not drawn (inherited copy of Dataset.addressing_gaps)
class-valued slot,DataSubset,creators,Creator,Dataset,yes,data_sheets_schema.yaml,D4D_Motivation.yaml,1,1,not drawn (inherited copy of Dataset.creators)
class-valued slot,DataSubset,funders,FundingMechanism,Dataset,yes,data_sheets_schema.yaml,D4D_Motivation.yaml,1,1,not drawn (inherited copy of Dataset.funders)
class-valued slot,DataSubset,subsets,DataSubset,Dataset,yes,data_sheets_schema.yaml,data_sheets_schema.yaml,1,1,not drawn (inherited copy of Dataset.subsets)
class-valued slot,DataSubset,instances,Instance,Dataset,yes,data_sheets_schema.yaml,D4D_Composition.yaml,1,1,not drawn (inherited copy of Dataset.instances)
class-valued slot,DataSubset,anomalies,DataAnomaly,Dataset,yes,data_sheets_schema.yaml,D4D_Composition.yaml,1,1,not drawn (inherited copy of Dataset.anomalies)
class-valued slot,DataSubset,known_biases,DatasetBias,Dataset,yes,data_sheets_schema.yaml,D4D_Composition.yaml,1,1,not drawn (inherited copy of Dataset.known_biases)
class-valued slot,DataSubset,known_limitations,DatasetLimitation,Dataset,yes,data_sheets_schema.yaml,D4D_Composition.yaml,1,1,not drawn (inherited copy of Dataset.known_limitations)
class-valued slot,DataSubset,confidential_elements,Confidentiality,Dataset,yes,data_sheets_schema.yaml,D4D_Composition.yaml,1,1,not drawn (inherited copy of Dataset.confidential_elements)
class-valued slot,DataSubset,content_warnings,ContentWarning,Dataset,yes,data_sheets_schema.yaml,D4D_Composition.yaml,1,1,not drawn (inherited copy of Dataset.content_warnings)
class-valued slot,DataSubset,subpopulations,Subpopulation,Dataset,yes,data_sheets_schema.yaml,D4D_Composition.yaml,1,1,not drawn (inherited copy of Dataset.subpopulations)
class-valued slot,DataSubset,sensitive_elements,SensitiveElement,Dataset,yes,data_sheets_schema.yaml,D4D_Composition.yaml,1,1,not drawn (inherited copy of Dataset.sensitive_elements)
class-valued slot,DataSubset,relationships,Relationships,Dataset,yes,data_sheets_schema.yaml,D4D_Composition.yaml,1,1,not drawn (inherited copy of Dataset.relationships)
class-valued slot,DataSubset,splits,Splits,Dataset,yes,data_sheets_schema.yaml,D4D_Composition.yaml,1,1,not drawn (inherited copy of Dataset.splits)
class-valued slot,DataSubset,acquisition_methods,InstanceAcquisition,Dataset,yes,data_sheets_schema.yaml,D4D_Collection.yaml,1,1,not drawn (inherited copy of Dataset.acquisition_methods)
class-valued slot,DataSubset,collection_mechanisms,CollectionMechanism,Dataset,yes,data_sheets_schema.yaml,D4D_Collection.yaml,1,1,not drawn (inherited copy of Dataset.collection_mechanisms)
class-valued slot,DataSubset,sampling_strategies,SamplingStrategy,Dataset,yes,data_sheets_schema.yaml,D4D_Composition.yaml,1,1,not drawn (inherited copy of Dataset.sampling_strategies)
class-valued slot,DataSubset,data_collectors,DataCollector,Dataset,yes,data_sheets_schema.yaml,D4D_Collection.yaml,1,1,not drawn (inherited copy of Dataset.data_collectors)
class-valued slot,DataSubset,collection_timeframes,CollectionTimeframe,Dataset,yes,data_sheets_schema.yaml,D4D_Collection.yaml,1,1,not drawn (inherited copy of Dataset.collection_timeframes)
class-valued slot,DataSubset,direct_collection,DirectCollection,Dataset,yes,data_sheets_schema.yaml,D4D_Collection.yaml,1,1,not drawn (inherited copy of Dataset.direct_collection)
class-valued slot,DataSubset,collection_notifications,CollectionNotification,Dataset,yes,data_sheets_schema.yaml,D4D_Ethics.yaml,1,1,not drawn (inherited copy of Dataset.collection_notifications)
class-valued slot,DataSubset,collection_consents,CollectionConsent,Dataset,yes,data_sheets_schema.yaml,D4D_Ethics.yaml,1,1,not drawn (inherited copy of Dataset.collection_consents)
class-valued slot,DataSubset,consent_revocations,ConsentRevocation,Dataset,yes,data_sheets_schema.yaml,D4D_Ethics.yaml,1,1,not drawn (inherited copy of Dataset.consent_revocations)
class-valued slot,DataSubset,missing_data_documentation,MissingDataDocumentation,Dataset,yes,data_sheets_schema.yaml,D4D_Collection.yaml,1,1,not drawn (inherited copy of Dataset.missing_data_documentation)
class-valued slot,DataSubset,raw_data_sources,RawDataSource,Dataset,yes,data_sheets_schema.yaml,D4D_Collection.yaml,1,1,not drawn (inherited copy of Dataset.raw_data_sources)
class-valued slot,DataSubset,ethical_reviews,EthicalReview,Dataset,yes,data_sheets_schema.yaml,D4D_Ethics.yaml,1,1,not drawn (inherited copy of Dataset.ethical_reviews)
class-valued slot,DataSubset,data_protection_impacts,DataProtectionImpact,Dataset,yes,data_sheets_schema.yaml,D4D_Ethics.yaml,1,1,not drawn (inherited copy of Dataset.data_protection_impacts)
class-valued slot,DataSubset,human_subject_research,HumanSubjectResearch,Dataset,yes,data_sheets_schema.yaml,D4D_Human.yaml,1,1,not drawn (inherited copy of Dataset.human_subject_research)
class-valued slot,DataSubset,informed_consent,InformedConsent,Dataset,yes,data_sheets_schema.yaml,D4D_Human.yaml,1,1,not drawn (inherited copy of Dataset.informed_consent)
class-valued slot,DataSubset,at_risk_populations,AtRiskPopulations,Dataset,yes,data_sheets_schema.yaml,D4D_Human.yaml,1,1,not drawn (inherited copy of Dataset.at_risk_populations)
class-valued slot,DataSubset,participant_privacy,ParticipantPrivacy,Dataset,yes,data_sheets_schema.yaml,D4D_Human.yaml,1,1,not drawn (inherited copy of Dataset.participant_privacy)
class-valued slot,DataSubset,participant_compensation,HumanSubjectCompensation,Dataset,yes,data_sheets_schema.yaml,D4D_Human.yaml,1,1,not drawn (inherited copy of Dataset.participant_compensation)
class-valued slot,DataSubset,preprocessing_strategies,PreprocessingStrategy,Dataset,yes,data_sheets_schema.yaml,D4D_Preprocessing.yaml,1,1,not drawn (inherited copy of Dataset.preprocessing_strategies)
class-valued slot,DataSubset,cleaning_strategies,CleaningStrategy,Dataset,yes,data_sheets_schema.yaml,D4D_Preprocessing.yaml,1,1,not drawn (inherited copy of Dataset.cleaning_strategies)
class-valued slot,DataSubset,labeling_strategies,LabelingStrategy,Dataset,yes,data_sheets_schema.yaml,D4D_Preprocessing.yaml,1,1,not drawn (inherited copy of Dataset.labeling_strategies)
class-valued slot,DataSubset,raw_sources,RawData,Dataset,yes,data_sheets_schema.yaml,D4D_Preprocessing.yaml,1,1,not drawn (inherited copy of Dataset.raw_sources)
class-valued slot,DataSubset,imputation_protocols,ImputationProtocol,Dataset,yes,data_sheets_schema.yaml,D4D_Preprocessing.yaml,1,1,not drawn (inherited copy of Dataset.imputation_protocols)
class-valued slot,DataSubset,annotation_analyses,AnnotationAnalysis,Dataset,yes,data_sheets_schema.yaml,D4D_Preprocessing.yaml,1,1,not drawn (inherited copy of Dataset.annotation_analyses)
class-valued slot,DataSubset,machine_annotation_tools,MachineAnnotationTools,Dataset,yes,data_sheets_schema.yaml,D4D_Preprocessing.yaml,1,1,not drawn (inherited copy of Dataset.machine_annotation_tools)
class-valued slot,DataSubset,existing_uses,ExistingUse,Dataset,yes,data_sheets_schema.yaml,D4D_Uses.yaml,1,1,not drawn (inherited copy of Dataset.existing_uses)
class-valued slot,DataSubset,use_repository,UseRepository,Dataset,yes,data_sheets_schema.yaml,D4D_Uses.yaml,1,1,not drawn (inherited copy of Dataset.use_repository)
class-valued slot,DataSubset,other_tasks,OtherTask,Dataset,yes,data_sheets_schema.yaml,D4D_Uses.yaml,1,1,not drawn (inherited copy of Dataset.other_tasks)
class-valued slot,DataSubset,future_use_impacts,FutureUseImpact,Dataset,yes,data_sheets_schema.yaml,D4D_Uses.yaml,1,1,not drawn (inherited copy of Dataset.future_use_impacts)
class-valued slot,DataSubset,discouraged_uses,DiscouragedUse,Dataset,yes,data_sheets_schema.yaml,D4D_Uses.yaml,1,1,not drawn (inherited copy of Dataset.discouraged_uses)
class-valued slot,DataSubset,intended_uses,IntendedUse,Dataset,yes,data_sheets_schema.yaml,D4D_Uses.yaml,1,1,not drawn (inherited copy of Dataset.intended_uses)
class-valued slot,DataSubset,prohibited_uses,ProhibitedUse,Dataset,yes,data_sheets_schema.yaml,D4D_Uses.yaml,1,1,not drawn (inherited copy of Dataset.prohibited_uses)
class-valued slot,DataSubset,distribution_formats,DistributionFormat,Dataset,yes,data_sheets_schema.yaml,D4D_Distribution.yaml,1,1,not drawn (inherited copy of Dataset.distribution_formats)
class-valued slot,DataSubset,distribution_dates,DistributionDate,Dataset,yes,data_sheets_schema.yaml,D4D_Distribution.yaml,1,1,not drawn (inherited copy of Dataset.distribution_dates)
class-valued slot,DataSubset,third_party_sharing,ThirdPartySharing,Dataset,yes,data_sheets_schema.yaml,D4D_Distribution.yaml,1,1,not drawn (inherited copy of Dataset.third_party_sharing)
class-valued slot,DataSubset,license_and_use_terms,LicenseAndUseTerms,Dataset,yes,data_sheets_schema.yaml,D4D_Data_Governance.yaml,1,1,not drawn (inherited copy of Dataset.license_and_use_terms)
class-valued slot,DataSubset,ip_restrictions,IPRestrictions,Dataset,yes,data_sheets_schema.yaml,D4D_Data_Governance.yaml,1,1,not drawn (inherited copy of Dataset.ip_restrictions)
class-valued slot,DataSubset,regulatory_restrictions,ExportControlRegulatoryRestrictions,Dataset,yes,data_sheets_schema.yaml,D4D_Data_Governance.yaml,1,1,not drawn (inherited copy of Dataset.regulatory_restrictions)
class-valued slot,DataSubset,data_governance,DataGovernance,Dataset,yes,data_sheets_schema.yaml,D4D_Data_Governance.yaml,1,1,not drawn (inherited copy of Dataset.data_governance)
class-valued slot,DataSubset,maintainers,Maintainer,Dataset,yes,data_sheets_schema.yaml,D4D_Maintenance.yaml,1,1,not drawn (inherited copy of Dataset.maintainers)
class-valued slot,DataSubset,errata,Erratum,Dataset,yes,data_sheets_schema.yaml,D4D_Maintenance.yaml,1,1,not drawn (inherited copy of Dataset.errata)
class-valued slot,DataSubset,updates,UpdatePlan,Dataset,yes,data_sheets_schema.yaml,D4D_Maintenance.yaml,1,1,not drawn (inherited copy of Dataset.updates)
class-valued slot,DataSubset,retention_limit,RetentionLimits,Dataset,yes,data_sheets_schema.yaml,D4D_Maintenance.yaml,1,1,not drawn (inherited copy of Dataset.retention_limit)
class-valued slot,DataSubset,version_access,VersionAccess,Dataset,yes,data_sheets_schema.yaml,D4D_Maintenance.yaml,1,1,not drawn (inherited copy of Dataset.version_access)
class-valued slot,DataSubset,extension_mechanism,ExtensionMechanism,Dataset,yes,data_sheets_schema.yaml,D4D_Maintenance.yaml,1,1,not drawn (inherited copy of Dataset.extension_mechanism)
class-valued slot,DataSubset,variables,VariableMetadata,Dataset,yes,data_sheets_schema.yaml,D4D_Variables.yaml,1,1,not drawn (inherited copy of Dataset.variables)
class-valued slot,DataSubset,is_deidentified,Deidentification,Dataset,yes,data_sheets_schema.yaml,D4D_Composition.yaml,1,1,not drawn (inherited copy of Dataset.is_deidentified)
class-valued slot,DataSubset,parent_datasets,Dataset,Dataset,yes,data_sheets_schema.yaml,data_sheets_schema.yaml,1,0,not drawn (inherited copy of Dataset.parent_datasets)
class-valued slot,DataSubset,related_datasets,DatasetRelationship,Dataset,yes,data_sheets_schema.yaml,D4D_Composition.yaml,1,1,not drawn (inherited copy of Dataset.related_datasets)
class-valued slot,DatasetProperty,used_software,Software,DatasetProperty,no,D4D_Base_import.yaml,D4D_Base_import.yaml,not reachable,2,fig17_schema_architecture_b (named line)
class-valued slot,Person,affiliation,Organization,Person,no,D4D_Base_import.yaml,D4D_Base_import.yaml,2,2,fig17_schema_architecture_b (named line)
class-valued slot,Purpose,used_software,Software,DatasetProperty,yes,D4D_Motivation.yaml,D4D_Base_import.yaml,1,2,fig17_schema_architecture_b (drawn once on DatasetProperty; this is an inherited copy)
class-valued slot,Task,used_software,Software,DatasetProperty,yes,D4D_Motivation.yaml,D4D_Base_import.yaml,1,2,fig17_schema_architecture_b (drawn once on DatasetProperty; this is an inherited copy)
class-valued slot,AddressingGap,used_software,Software,DatasetProperty,yes,D4D_Motivation.yaml,D4D_Base_import.yaml,1,2,fig17_schema_architecture_b (drawn once on DatasetProperty; this is an inherited copy)
class-valued slot,Creator,principal_investigator,Person,Creator,no,D4D_Motivation.yaml,D4D_Base_import.yaml,1,2,fig17_schema_architecture_b (named line)
class-valued slot,Creator,affiliations,Organization,Creator,no,D4D_Motivation.yaml,D4D_Base_import.yaml,1,2,fig17_schema_architecture_b (named line)
class-valued slot,Creator,used_software,Software,DatasetProperty,yes,D4D_Motivation.yaml,D4D_Base_import.yaml,1,2,fig17_schema_architecture_b (drawn once on DatasetProperty; this is an inherited copy)
class-valued slot,FundingMechanism,grants,Grant,FundingMechanism,no,D4D_Motivation.yaml,D4D_Motivation.yaml,1,2,fig17_schema_architecture_b (named line)
class-valued slot,FundingMechanism,used_software,Software,DatasetProperty,yes,D4D_Motivation.yaml,D4D_Base_import.yaml,1,2,fig17_schema_architecture_b (drawn once on DatasetProperty; this is an inherited copy)
class-valued slot,Instance,sampling_strategies,SamplingStrategy,Instance,no,D4D_Composition.yaml,D4D_Composition.yaml,1,1,fig17_schema_architecture_b (named line)
class-valued slot,Instance,missing_information,MissingInfo,Instance,no,D4D_Composition.yaml,D4D_Composition.yaml,1,2,fig17_schema_architecture_b (named line)
class-valued slot,Instance,used_software,Software,DatasetProperty,yes,D4D_Composition.yaml,D4D_Base_import.yaml,1,2,fig17_schema_architecture_b (drawn once on DatasetProperty; this is an inherited copy)
class-valued slot,SamplingStrategy,used_software,Software,DatasetProperty,yes,D4D_Composition.yaml,D4D_Base_import.yaml,1,2,fig17_schema_architecture_b (drawn once on DatasetProperty; this is an inherited copy)
class-valued slot,MissingInfo,used_software,Software,DatasetProperty,yes,D4D_Composition.yaml,D4D_Base_import.yaml,2,2,fig17_schema_architecture_b (drawn once on DatasetProperty; this is an inherited copy)
class-valued slot,Relationships,used_software,Software,DatasetProperty,yes,D4D_Composition.yaml,D4D_Base_import.yaml,1,2,fig17_schema_architecture_b (drawn once on DatasetProperty; this is an inherited copy)
class-valued slot,Splits,used_software,Software,DatasetProperty,yes,D4D_Composition.yaml,D4D_Base_import.yaml,1,2,fig17_schema_architecture_b (drawn once on DatasetProperty; this is an inherited copy)
class-valued slot,DataAnomaly,used_software,Software,DatasetProperty,yes,D4D_Composition.yaml,D4D_Base_import.yaml,1,2,fig17_schema_architecture_b (drawn once on DatasetProperty; this is an inherited copy)
class-valued slot,DatasetBias,used_software,Software,DatasetProperty,yes,D4D_Composition.yaml,D4D_Base_import.yaml,1,2,fig17_schema_architecture_b (drawn once on DatasetProperty; this is an inherited copy)
class-valued slot,DatasetLimitation,used_software,Software,DatasetProperty,yes,D4D_Composition.yaml,D4D_Base_import.yaml,1,2,fig17_schema_architecture_b (drawn once on DatasetProperty; this is an inherited copy)
class-valued slot,ExternalResource,used_software,Software,DatasetProperty,yes,D4D_Composition.yaml,D4D_Base_import.yaml,1,2,fig17_schema_architecture_b (drawn once on DatasetProperty; this is an inherited copy)
class-valued slot,Confidentiality,used_software,Software,DatasetProperty,yes,D4D_Composition.yaml,D4D_Base_import.yaml,1,2,fig17_schema_architecture_b (drawn once on DatasetProperty; this is an inherited copy)
class-valued slot,ContentWarning,used_software,Software,DatasetProperty,yes,D4D_Composition.yaml,D4D_Base_import.yaml,1,2,fig17_schema_architecture_b (drawn once on DatasetProperty; this is an inherited copy)
class-valued slot,Subpopulation,used_software,Software,DatasetProperty,yes,D4D_Composition.yaml,D4D_Base_import.yaml,1,2,fig17_schema_architecture_b (drawn once on DatasetProperty; this is an inherited copy)
class-valued slot,Deidentification,used_software,Software,DatasetProperty,yes,D4D_Composition.yaml,D4D_Base_import.yaml,1,2,fig17_schema_architecture_b (drawn once on DatasetProperty; this is an inherited copy)
class-valued slot,SensitiveElement,used_software,Software,DatasetProperty,yes,D4D_Composition.yaml,D4D_Base_import.yaml,1,2,fig17_schema_architecture_b (drawn once on DatasetProperty; this is an inherited copy)
class-valued slot,DatasetRelationship,used_software,Software,DatasetProperty,yes,D4D_Composition.yaml,D4D_Base_import.yaml,1,2,fig17_schema_architecture_b (drawn once on DatasetProperty; this is an inherited copy)
class-valued slot,InstanceAcquisition,used_software,Software,DatasetProperty,yes,D4D_Collection.yaml,D4D_Base_import.yaml,1,2,fig17_schema_architecture_b (drawn once on DatasetProperty; this is an inherited copy)
class-valued slot,CollectionMechanism,used_software,Software,DatasetProperty,yes,D4D_Collection.yaml,D4D_Base_import.yaml,1,2,fig17_schema_architecture_b (drawn once on DatasetProperty; this is an inherited copy)
class-valued slot,DataCollector,used_software,Software,DatasetProperty,yes,D4D_Collection.yaml,D4D_Base_import.yaml,1,2,fig17_schema_architecture_b (drawn once on DatasetProperty; this is an inherited copy)
class-valued slot,CollectionTimeframe,used_software,Software,DatasetProperty,yes,D4D_Collection.yaml,D4D_Base_import.yaml,1,2,fig17_schema_architecture_b (drawn once on DatasetProperty; this is an inherited copy)
class-valued slot,DirectCollection,used_software,Software,DatasetProperty,yes,D4D_Collection.yaml,D4D_Base_import.yaml,1,2,fig17_schema_architecture_b (drawn once on DatasetProperty; this is an inherited copy)
class-valued slot,MissingDataDocumentation,used_software,Software,DatasetProperty,yes,D4D_Collection.yaml,D4D_Base_import.yaml,1,2,fig17_schema_architecture_b (drawn once on DatasetProperty; this is an inherited copy)
class-valued slot,RawDataSource,used_software,Software,DatasetProperty,yes,D4D_Collection.yaml,D4D_Base_import.yaml,1,2,fig17_schema_architecture_b (drawn once on DatasetProperty; this is an inherited copy)
class-valued slot,PreprocessingStrategy,used_software,Software,DatasetProperty,yes,D4D_Preprocessing.yaml,D4D_Base_import.yaml,1,2,fig17_schema_architecture_b (drawn once on DatasetProperty; this is an inherited copy)
class-valued slot,CleaningStrategy,used_software,Software,DatasetProperty,yes,D4D_Preprocessing.yaml,D4D_Base_import.yaml,1,2,fig17_schema_architecture_b (drawn once on DatasetProperty; this is an inherited copy)
class-valued slot,LabelingStrategy,used_software,Software,DatasetProperty,yes,D4D_Preprocessing.yaml,D4D_Base_import.yaml,1,2,fig17_schema_architecture_b (drawn once on DatasetProperty; this is an inherited copy)
class-valued slot,RawData,used_software,Software,DatasetProperty,yes,D4D_Preprocessing.yaml,D4D_Base_import.yaml,1,2,fig17_schema_architecture_b (drawn once on DatasetProperty; this is an inherited copy)
class-valued slot,ImputationProtocol,used_software,Software,DatasetProperty,yes,D4D_Preprocessing.yaml,D4D_Base_import.yaml,1,2,fig17_schema_architecture_b (drawn once on DatasetProperty; this is an inherited copy)
class-valued slot,AnnotationAnalysis,used_software,Software,DatasetProperty,yes,D4D_Preprocessing.yaml,D4D_Base_import.yaml,1,2,fig17_schema_architecture_b (drawn once on DatasetProperty; this is an inherited copy)
class-valued slot,MachineAnnotationTools,used_software,Software,DatasetProperty,yes,D4D_Preprocessing.yaml,D4D_Base_import.yaml,1,2,fig17_schema_architecture_b (drawn once on DatasetProperty; this is an inherited copy)
class-valued slot,ExistingUse,used_software,Software,DatasetProperty,yes,D4D_Uses.yaml,D4D_Base_import.yaml,1,2,fig17_schema_architecture_b (drawn once on DatasetProperty; this is an inherited copy)
class-valued slot,UseRepository,used_software,Software,DatasetProperty,yes,D4D_Uses.yaml,D4D_Base_import.yaml,1,2,fig17_schema_architecture_b (drawn once on DatasetProperty; this is an inherited copy)
class-valued slot,OtherTask,used_software,Software,DatasetProperty,yes,D4D_Uses.yaml,D4D_Base_import.yaml,1,2,fig17_schema_architecture_b (drawn once on DatasetProperty; this is an inherited copy)
class-valued slot,FutureUseImpact,used_software,Software,DatasetProperty,yes,D4D_Uses.yaml,D4D_Base_import.yaml,1,2,fig17_schema_architecture_b (drawn once on DatasetProperty; this is an inherited copy)
class-valued slot,DiscouragedUse,used_software,Software,DatasetProperty,yes,D4D_Uses.yaml,D4D_Base_import.yaml,1,2,fig17_schema_architecture_b (drawn once on DatasetProperty; this is an inherited copy)
class-valued slot,IntendedUse,used_software,Software,DatasetProperty,yes,D4D_Uses.yaml,D4D_Base_import.yaml,1,2,fig17_schema_architecture_b (drawn once on DatasetProperty; this is an inherited copy)
class-valued slot,ProhibitedUse,used_software,Software,DatasetProperty,yes,D4D_Uses.yaml,D4D_Base_import.yaml,1,2,fig17_schema_architecture_b (drawn once on DatasetProperty; this is an inherited copy)
class-valued slot,ThirdPartySharing,used_software,Software,DatasetProperty,yes,D4D_Distribution.yaml,D4D_Base_import.yaml,1,2,fig17_schema_architecture_b (drawn once on DatasetProperty; this is an inherited copy)
class-valued slot,DistributionFormat,used_software,Software,DatasetProperty,yes,D4D_Distribution.yaml,D4D_Base_import.yaml,1,2,fig17_schema_architecture_b (drawn once on DatasetProperty; this is an inherited copy)
class-valued slot,DistributionDate,used_software,Software,DatasetProperty,yes,D4D_Distribution.yaml,D4D_Base_import.yaml,1,2,fig17_schema_architecture_b (drawn once on DatasetProperty; this is an inherited copy)
class-valued slot,Maintainer,used_software,Software,DatasetProperty,yes,D4D_Maintenance.yaml,D4D_Base_import.yaml,1,2,fig17_schema_architecture_b (drawn once on DatasetProperty; this is an inherited copy)
class-valued slot,Erratum,used_software,Software,DatasetProperty,yes,D4D_Maintenance.yaml,D4D_Base_import.yaml,1,2,fig17_schema_architecture_b (drawn once on DatasetProperty; this is an inherited copy)
class-valued slot,UpdatePlan,used_software,Software,DatasetProperty,yes,D4D_Maintenance.yaml,D4D_Base_import.yaml,1,2,fig17_schema_architecture_b (drawn once on DatasetProperty; this is an inherited copy)
class-valued slot,RetentionLimits,used_software,Software,DatasetProperty,yes,D4D_Maintenance.yaml,D4D_Base_import.yaml,1,2,fig17_schema_architecture_b (drawn once on DatasetProperty; this is an inherited copy)
class-valued slot,VersionAccess,used_software,Software,DatasetProperty,yes,D4D_Maintenance.yaml,D4D_Base_import.yaml,1,2,fig17_schema_architecture_b (drawn once on DatasetProperty; this is an inherited copy)
class-valued slot,ExtensionMechanism,used_software,Software,DatasetProperty,yes,D4D_Maintenance.yaml,D4D_Base_import.yaml,1,2,fig17_schema_architecture_b (drawn once on DatasetProperty; this is an inherited copy)
class-valued slot,EthicalReview,contact_person,Person,EthicalReview,no,D4D_Ethics.yaml,D4D_Base_import.yaml,1,2,fig17_schema_architecture_b (named line)
class-valued slot,EthicalReview,used_software,Software,DatasetProperty,yes,D4D_Ethics.yaml,D4D_Base_import.yaml,1,2,fig17_schema_architecture_b (drawn once on DatasetProperty; this is an inherited copy)
class-valued slot,DataProtectionImpact,used_software,Software,DatasetProperty,yes,D4D_Ethics.yaml,D4D_Base_import.yaml,1,2,fig17_schema_architecture_b (drawn once on DatasetProperty; this is an inherited copy)
class-valued slot,CollectionNotification,used_software,Software,DatasetProperty,yes,D4D_Ethics.yaml,D4D_Base_import.yaml,1,2,fig17_schema_architecture_b (drawn once on DatasetProperty; this is an inherited copy)
class-valued slot,CollectionConsent,used_software,Software,DatasetProperty,yes,D4D_Ethics.yaml,D4D_Base_import.yaml,1,2,fig17_schema_architecture_b (drawn once on DatasetProperty; this is an inherited copy)
class-valued slot,ConsentRevocation,used_software,Software,DatasetProperty,yes,D4D_Ethics.yaml,D4D_Base_import.yaml,1,2,fig17_schema_architecture_b (drawn once on DatasetProperty; this is an inherited copy)
class-valued slot,HumanSubjectResearch,used_software,Software,DatasetProperty,yes,D4D_Human.yaml,D4D_Base_import.yaml,1,2,fig17_schema_architecture_b (drawn once on DatasetProperty; this is an inherited copy)
class-valued slot,InformedConsent,used_software,Software,DatasetProperty,yes,D4D_Human.yaml,D4D_Base_import.yaml,1,2,fig17_schema_architecture_b (drawn once on DatasetProperty; this is an inherited copy)
class-valued slot,ParticipantPrivacy,used_software,Software,DatasetProperty,yes,D4D_Human.yaml,D4D_Base_import.yaml,1,2,fig17_schema_architecture_b (drawn once on DatasetProperty; this is an inherited copy)
class-valued slot,HumanSubjectCompensation,used_software,Software,DatasetProperty,yes,D4D_Human.yaml,D4D_Base_import.yaml,1,2,fig17_schema_architecture_b (drawn once on DatasetProperty; this is an inherited copy)
class-valued slot,AtRiskPopulations,used_software,Software,DatasetProperty,yes,D4D_Human.yaml,D4D_Base_import.yaml,1,2,fig17_schema_architecture_b (drawn once on DatasetProperty; this is an inherited copy)
class-valued slot,LicenseAndUseTerms,contact_person,Person,LicenseAndUseTerms,no,D4D_Data_Governance.yaml,D4D_Base_import.yaml,1,2,fig17_schema_architecture_b (named line)
class-valued slot,LicenseAndUseTerms,used_software,Software,DatasetProperty,yes,D4D_Data_Governance.yaml,D4D_Base_import.yaml,1,2,fig17_schema_architecture_b (drawn once on DatasetProperty; this is an inherited copy)
class-valued slot,IPRestrictions,used_software,Software,DatasetProperty,yes,D4D_Data_Governance.yaml,D4D_Base_import.yaml,1,2,fig17_schema_architecture_b (drawn once on DatasetProperty; this is an inherited copy)
class-valued slot,ExportControlRegulatoryRestrictions,governance_committee_contact,Person,ExportControlRegulatoryRestrictions,no,D4D_Data_Governance.yaml,D4D_Base_import.yaml,1,2,fig17_schema_architecture_b (named line)
class-valued slot,ExportControlRegulatoryRestrictions,used_software,Software,DatasetProperty,yes,D4D_Data_Governance.yaml,D4D_Base_import.yaml,1,2,fig17_schema_architecture_b (drawn once on DatasetProperty; this is an inherited copy)
class-valued slot,DataGovernance,committee_members,Person,DataGovernance,no,D4D_Data_Governance.yaml,D4D_Base_import.yaml,1,2,fig17_schema_architecture_b (named line)
class-valued slot,DataGovernance,committee_contact,Person,DataGovernance,no,D4D_Data_Governance.yaml,D4D_Base_import.yaml,1,2,fig17_schema_architecture_b (named line)
class-valued slot,DataGovernance,accountable_organization,Organization,DataGovernance,no,D4D_Data_Governance.yaml,D4D_Base_import.yaml,1,2,fig17_schema_architecture_b (named line)
class-valued slot,DataGovernance,used_software,Software,DatasetProperty,yes,D4D_Data_Governance.yaml,D4D_Base_import.yaml,1,2,fig17_schema_architecture_b (drawn once on DatasetProperty; this is an inherited copy)
class-valued slot,VariableMetadata,used_software,Software,DatasetProperty,yes,D4D_Variables.yaml,D4D_Base_import.yaml,1,2,fig17_schema_architecture_b (drawn once on DatasetProperty; this is an inherited copy)
class-valued slot,FileCollection,external_resources,ExternalResource,FileCollection,no,D4D_FileCollection.yaml,D4D_Composition.yaml,1,1,fig17_schema_architecture_b (named line)
class-valued slot,FileCollection,resources,File,FileCollection,no,D4D_FileCollection.yaml,D4D_FileCollection.yaml,1,2,fig17_schema_architecture_b (named line)
is_a,DatasetCollection,,Information,DatasetCollection,no,data_sheets_schema.yaml,D4D_Base_import.yaml,not reachable,not reachable,fig17_schema_architecture (Base file note)
is_a,Dataset,,Information,Dataset,no,data_sheets_schema.yaml,D4D_Base_import.yaml,0,not reachable,fig17_schema_architecture (Base file note); fig17_schema_architecture_b (dashed line)
is_a,DataSubset,,Dataset,DataSubset,no,data_sheets_schema.yaml,data_sheets_schema.yaml,1,0,fig17_schema_architecture (root file note); fig17_schema_architecture_b (parent named under the node)
is_a,Software,,NamedThing,Software,no,D4D_Base_import.yaml,D4D_Base_import.yaml,2,not reachable,fig17_schema_architecture (Base file note); fig17_schema_architecture_b (parent named under the node)
is_a,Person,,NamedThing,Person,no,D4D_Base_import.yaml,D4D_Base_import.yaml,2,not reachable,fig17_schema_architecture (Base file note); fig17_schema_architecture_b (parent named under the node)
is_a,Information,,NamedThing,Information,no,D4D_Base_import.yaml,D4D_Base_import.yaml,not reachable,not reachable,fig17_schema_architecture (Base file note); fig17_schema_architecture_b (dashed line)
is_a,Purpose,,DatasetProperty,Purpose,no,D4D_Motivation.yaml,D4D_Base_import.yaml,1,not reachable,fig17_schema_architecture (counted on the dashed branch)
is_a,Task,,DatasetProperty,Task,no,D4D_Motivation.yaml,D4D_Base_import.yaml,1,not reachable,fig17_schema_architecture (counted on the dashed branch)
is_a,AddressingGap,,DatasetProperty,AddressingGap,no,D4D_Motivation.yaml,D4D_Base_import.yaml,1,not reachable,fig17_schema_architecture (counted on the dashed branch)
is_a,Creator,,DatasetProperty,Creator,no,D4D_Motivation.yaml,D4D_Base_import.yaml,1,not reachable,fig17_schema_architecture (counted on the dashed branch); fig17_schema_architecture_b (parent named under the node)
is_a,FundingMechanism,,DatasetProperty,FundingMechanism,no,D4D_Motivation.yaml,D4D_Base_import.yaml,1,not reachable,fig17_schema_architecture (counted on the dashed branch); fig17_schema_architecture_b (parent named under the node)
is_a,Grantor,,Organization,Grantor,no,D4D_Motivation.yaml,D4D_Base_import.yaml,not reachable,2,fig17_schema_architecture (Base file note)
is_a,Instance,,DatasetProperty,Instance,no,D4D_Composition.yaml,D4D_Base_import.yaml,1,not reachable,fig17_schema_architecture (counted on the dashed branch); fig17_schema_architecture_b (parent named under the node)
is_a,SamplingStrategy,,DatasetProperty,SamplingStrategy,no,D4D_Composition.yaml,D4D_Base_import.yaml,1,not reachable,fig17_schema_architecture (counted on the dashed branch); fig17_schema_architecture_b (parent named under the node)
is_a,MissingInfo,,DatasetProperty,MissingInfo,no,D4D_Composition.yaml,D4D_Base_import.yaml,2,not reachable,fig17_schema_architecture (counted on the dashed branch); fig17_schema_architecture_b (parent named under the node)
is_a,Relationships,,DatasetProperty,Relationships,no,D4D_Composition.yaml,D4D_Base_import.yaml,1,not reachable,fig17_schema_architecture (counted on the dashed branch)
is_a,Splits,,DatasetProperty,Splits,no,D4D_Composition.yaml,D4D_Base_import.yaml,1,not reachable,fig17_schema_architecture (counted on the dashed branch)
is_a,DataAnomaly,,DatasetProperty,DataAnomaly,no,D4D_Composition.yaml,D4D_Base_import.yaml,1,not reachable,fig17_schema_architecture (counted on the dashed branch)
is_a,DatasetBias,,DatasetProperty,DatasetBias,no,D4D_Composition.yaml,D4D_Base_import.yaml,1,not reachable,fig17_schema_architecture (counted on the dashed branch)
is_a,DatasetLimitation,,DatasetProperty,DatasetLimitation,no,D4D_Composition.yaml,D4D_Base_import.yaml,1,not reachable,fig17_schema_architecture (counted on the dashed branch)
is_a,ExternalResource,,DatasetProperty,ExternalResource,no,D4D_Composition.yaml,D4D_Base_import.yaml,1,not reachable,fig17_schema_architecture (counted on the dashed branch); fig17_schema_architecture_b (parent named under the node)
is_a,Confidentiality,,DatasetProperty,Confidentiality,no,D4D_Composition.yaml,D4D_Base_import.yaml,1,not reachable,fig17_schema_architecture (counted on the dashed branch)
is_a,ContentWarning,,DatasetProperty,ContentWarning,no,D4D_Composition.yaml,D4D_Base_import.yaml,1,not reachable,fig17_schema_architecture (counted on the dashed branch)
is_a,Subpopulation,,DatasetProperty,Subpopulation,no,D4D_Composition.yaml,D4D_Base_import.yaml,1,not reachable,fig17_schema_architecture (counted on the dashed branch)
is_a,Deidentification,,DatasetProperty,Deidentification,no,D4D_Composition.yaml,D4D_Base_import.yaml,1,not reachable,fig17_schema_architecture (counted on the dashed branch)
is_a,SensitiveElement,,DatasetProperty,SensitiveElement,no,D4D_Composition.yaml,D4D_Base_import.yaml,1,not reachable,fig17_schema_architecture (counted on the dashed branch)
is_a,DatasetRelationship,,DatasetProperty,DatasetRelationship,no,D4D_Composition.yaml,D4D_Base_import.yaml,1,not reachable,fig17_schema_architecture (counted on the dashed branch)
is_a,InstanceAcquisition,,DatasetProperty,InstanceAcquisition,no,D4D_Collection.yaml,D4D_Base_import.yaml,1,not reachable,fig17_schema_architecture (counted on the dashed branch)
is_a,CollectionMechanism,,DatasetProperty,CollectionMechanism,no,D4D_Collection.yaml,D4D_Base_import.yaml,1,not reachable,fig17_schema_architecture (counted on the dashed branch)
is_a,DataCollector,,DatasetProperty,DataCollector,no,D4D_Collection.yaml,D4D_Base_import.yaml,1,not reachable,fig17_schema_architecture (counted on the dashed branch)
is_a,CollectionTimeframe,,DatasetProperty,CollectionTimeframe,no,D4D_Collection.yaml,D4D_Base_import.yaml,1,not reachable,fig17_schema_architecture (counted on the dashed branch)
is_a,DirectCollection,,DatasetProperty,DirectCollection,no,D4D_Collection.yaml,D4D_Base_import.yaml,1,not reachable,fig17_schema_architecture (counted on the dashed branch)
is_a,MissingDataDocumentation,,DatasetProperty,MissingDataDocumentation,no,D4D_Collection.yaml,D4D_Base_import.yaml,1,not reachable,fig17_schema_architecture (counted on the dashed branch)
is_a,RawDataSource,,DatasetProperty,RawDataSource,no,D4D_Collection.yaml,D4D_Base_import.yaml,1,not reachable,fig17_schema_architecture (counted on the dashed branch)
is_a,PreprocessingStrategy,,DatasetProperty,PreprocessingStrategy,no,D4D_Preprocessing.yaml,D4D_Base_import.yaml,1,not reachable,fig17_schema_architecture (counted on the dashed branch)
is_a,CleaningStrategy,,DatasetProperty,CleaningStrategy,no,D4D_Preprocessing.yaml,D4D_Base_import.yaml,1,not reachable,fig17_schema_architecture (counted on the dashed branch)
is_a,LabelingStrategy,,DatasetProperty,LabelingStrategy,no,D4D_Preprocessing.yaml,D4D_Base_import.yaml,1,not reachable,fig17_schema_architecture (counted on the dashed branch)
is_a,RawData,,DatasetProperty,RawData,no,D4D_Preprocessing.yaml,D4D_Base_import.yaml,1,not reachable,fig17_schema_architecture (counted on the dashed branch)
is_a,ImputationProtocol,,DatasetProperty,ImputationProtocol,no,D4D_Preprocessing.yaml,D4D_Base_import.yaml,1,not reachable,fig17_schema_architecture (counted on the dashed branch)
is_a,AnnotationAnalysis,,DatasetProperty,AnnotationAnalysis,no,D4D_Preprocessing.yaml,D4D_Base_import.yaml,1,not reachable,fig17_schema_architecture (counted on the dashed branch)
is_a,MachineAnnotationTools,,DatasetProperty,MachineAnnotationTools,no,D4D_Preprocessing.yaml,D4D_Base_import.yaml,1,not reachable,fig17_schema_architecture (counted on the dashed branch)
is_a,ExistingUse,,DatasetProperty,ExistingUse,no,D4D_Uses.yaml,D4D_Base_import.yaml,1,not reachable,fig17_schema_architecture (counted on the dashed branch)
is_a,UseRepository,,DatasetProperty,UseRepository,no,D4D_Uses.yaml,D4D_Base_import.yaml,1,not reachable,fig17_schema_architecture (counted on the dashed branch)
is_a,OtherTask,,DatasetProperty,OtherTask,no,D4D_Uses.yaml,D4D_Base_import.yaml,1,not reachable,fig17_schema_architecture (counted on the dashed branch)
is_a,FutureUseImpact,,DatasetProperty,FutureUseImpact,no,D4D_Uses.yaml,D4D_Base_import.yaml,1,not reachable,fig17_schema_architecture (counted on the dashed branch)
is_a,DiscouragedUse,,DatasetProperty,DiscouragedUse,no,D4D_Uses.yaml,D4D_Base_import.yaml,1,not reachable,fig17_schema_architecture (counted on the dashed branch)
is_a,IntendedUse,,DatasetProperty,IntendedUse,no,D4D_Uses.yaml,D4D_Base_import.yaml,1,not reachable,fig17_schema_architecture (counted on the dashed branch)
is_a,ProhibitedUse,,DatasetProperty,ProhibitedUse,no,D4D_Uses.yaml,D4D_Base_import.yaml,1,not reachable,fig17_schema_architecture (counted on the dashed branch)
is_a,ThirdPartySharing,,DatasetProperty,ThirdPartySharing,no,D4D_Distribution.yaml,D4D_Base_import.yaml,1,not reachable,fig17_schema_architecture (counted on the dashed branch)
is_a,DistributionFormat,,DatasetProperty,DistributionFormat,no,D4D_Distribution.yaml,D4D_Base_import.yaml,1,not reachable,fig17_schema_architecture (counted on the dashed branch)
is_a,DistributionDate,,DatasetProperty,DistributionDate,no,D4D_Distribution.yaml,D4D_Base_import.yaml,1,not reachable,fig17_schema_architecture (counted on the dashed branch)
is_a,Maintainer,,DatasetProperty,Maintainer,no,D4D_Maintenance.yaml,D4D_Base_import.yaml,1,not reachable,fig17_schema_architecture (counted on the dashed branch)
is_a,Erratum,,DatasetProperty,Erratum,no,D4D_Maintenance.yaml,D4D_Base_import.yaml,1,not reachable,fig17_schema_architecture (counted on the dashed branch)
is_a,UpdatePlan,,DatasetProperty,UpdatePlan,no,D4D_Maintenance.yaml,D4D_Base_import.yaml,1,not reachable,fig17_schema_architecture (counted on the dashed branch)
is_a,RetentionLimits,,DatasetProperty,RetentionLimits,no,D4D_Maintenance.yaml,D4D_Base_import.yaml,1,not reachable,fig17_schema_architecture (counted on the dashed branch)
is_a,VersionAccess,,DatasetProperty,VersionAccess,no,D4D_Maintenance.yaml,D4D_Base_import.yaml,1,not reachable,fig17_schema_architecture (counted on the dashed branch)
is_a,ExtensionMechanism,,DatasetProperty,ExtensionMechanism,no,D4D_Maintenance.yaml,D4D_Base_import.yaml,1,not reachable,fig17_schema_architecture (counted on the dashed branch)
is_a,EthicalReview,,DatasetProperty,EthicalReview,no,D4D_Ethics.yaml,D4D_Base_import.yaml,1,not reachable,fig17_schema_architecture (counted on the dashed branch); fig17_schema_architecture_b (parent named under the node)
is_a,DataProtectionImpact,,DatasetProperty,DataProtectionImpact,no,D4D_Ethics.yaml,D4D_Base_import.yaml,1,not reachable,fig17_schema_architecture (counted on the dashed branch)
is_a,CollectionNotification,,DatasetProperty,CollectionNotification,no,D4D_Ethics.yaml,D4D_Base_import.yaml,1,not reachable,fig17_schema_architecture (counted on the dashed branch)
is_a,CollectionConsent,,DatasetProperty,CollectionConsent,no,D4D_Ethics.yaml,D4D_Base_import.yaml,1,not reachable,fig17_schema_architecture (counted on the dashed branch)
is_a,ConsentRevocation,,DatasetProperty,ConsentRevocation,no,D4D_Ethics.yaml,D4D_Base_import.yaml,1,not reachable,fig17_schema_architecture (counted on the dashed branch)
is_a,HumanSubjectResearch,,DatasetProperty,HumanSubjectResearch,no,D4D_Human.yaml,D4D_Base_import.yaml,1,not reachable,fig17_schema_architecture (counted on the dashed branch)
is_a,InformedConsent,,DatasetProperty,InformedConsent,no,D4D_Human.yaml,D4D_Base_import.yaml,1,not reachable,fig17_schema_architecture (counted on the dashed branch)
is_a,ParticipantPrivacy,,DatasetProperty,ParticipantPrivacy,no,D4D_Human.yaml,D4D_Base_import.yaml,1,not reachable,fig17_schema_architecture (counted on the dashed branch)
is_a,HumanSubjectCompensation,,DatasetProperty,HumanSubjectCompensation,no,D4D_Human.yaml,D4D_Base_import.yaml,1,not reachable,fig17_schema_architecture (counted on the dashed branch)
is_a,AtRiskPopulations,,DatasetProperty,AtRiskPopulations,no,D4D_Human.yaml,D4D_Base_import.yaml,1,not reachable,fig17_schema_architecture (counted on the dashed branch)
is_a,LicenseAndUseTerms,,DatasetProperty,LicenseAndUseTerms,no,D4D_Data_Governance.yaml,D4D_Base_import.yaml,1,not reachable,fig17_schema_architecture (counted on the dashed branch); fig17_schema_architecture_b (parent named under the node)
is_a,IPRestrictions,,DatasetProperty,IPRestrictions,no,D4D_Data_Governance.yaml,D4D_Base_import.yaml,1,not reachable,fig17_schema_architecture (counted on the dashed branch)
is_a,ExportControlRegulatoryRestrictions,,DatasetProperty,ExportControlRegulatoryRestrictions,no,D4D_Data_Governance.yaml,D4D_Base_import.yaml,1,not reachable,fig17_schema_architecture (counted on the dashed branch); fig17_schema_architecture_b (parent named under the node)
is_a,DataGovernance,,DatasetProperty,DataGovernance,no,D4D_Data_Governance.yaml,D4D_Base_import.yaml,1,not reachable,fig17_schema_architecture (counted on the dashed branch); fig17_schema_architecture_b (parent named under the node)
is_a,VariableMetadata,,DatasetProperty,VariableMetadata,no,D4D_Variables.yaml,D4D_Base_import.yaml,1,not reachable,fig17_schema_architecture (counted on the dashed branch)
is_a,File,,Information,File,no,D4D_FileCollection.yaml,D4D_Base_import.yaml,2,not reachable,fig17_schema_architecture (Base file note); fig17_schema_architecture_b (parent named under the node)
is_a,FileCollection,,Information,FileCollection,no,D4D_FileCollection.yaml,D4D_Base_import.yaml,1,not reachable,fig17_schema_architecture (Base file note); fig17_schema_architecture_b (parent named under the node)
