input,project,cohort,generation_rep,r10_job_id,r10_total_points,r10_max_points,r10_excluded_max_points,r10_adjusted_max_points,r10_adjusted_pct,r10_reported_adjusted_pct,r10_rank,r20_job_id,r20_total_points,r20_max_points,r20_excluded_max_points,r20_adjusted_max_points,r20_adjusted_pct,r20_reported_adjusted_pct,r20_rank,rank_difference,labelled,q19_score,q19_max,q19_review_status,q19_flagged,x_rank_plotted,y_rank_plotted,x_rank_plotted_coincident,x_pct_plotted,y_pct_plotted,x_pct_plotted_coincident,label_number
data/d4d_concatenated/claudecode_agent/2026-09-01_claude-opus-5-api-generic-v7_rep1/AI_READI_d4d.yaml,AI_READI,v7,1,AI_READI_v7_rep1_r10_rating1,49,50,0,50,98.0,98.0,5.0,AI_READI_v7_rep1_r20_rating1,82,88,0,88,93.1818,93.2,5.5,-0.5,False,5,5,not_flagged_by_this_inspection,False,4.38,5.5,3,97.0,93.1818,3,
data/d4d_concatenated/claudecode_agent/2026-09-01_claude-opus-5-api-generic-v7_rep2/AI_READI_d4d.yaml,AI_READI,v7,2,AI_READI_v7_rep2_r10_rating1,49,50,0,50,98.0,98.0,5.0,AI_READI_v7_rep2_r20_rating1,83,88,0,88,94.3182,94.3,2.5,2.5,False,5,5,not_flagged_by_this_inspection,False,4.69,2.5,2,97.5,94.3182,2,
data/d4d_concatenated/claudecode_agent/2026-09-01_claude-opus-5-api-generic-v7_rep3/AI_READI_d4d.yaml,AI_READI,v7,3,AI_READI_v7_rep3_r10_rating1,49,50,0,50,98.0,98.0,5.0,AI_READI_v7_rep3_r20_rating1,85,88,0,88,96.5909,96.6,1.0,4.0,True,5,5,not_flagged_by_this_inspection,False,5.0,1.0,1,98.0,96.5909,1,4
data/d4d_concatenated/claudecode_api/2026-09-04g_claude-opus-5-api-generic-v8_rep1/AI_READI_d4d.yaml,AI_READI,v8,1,AI_READI_v8_rep1_r10_rating1,49,50,0,50,98.0,98.0,5.0,AI_READI_v8_rep1_r20_rating1,82,88,0,88,93.1818,93.2,5.5,-0.5,False,4,5,requires_adjudication,True,5.0,5.5,3,98.0,93.1818,3,
data/d4d_concatenated/claudecode_api/2026-09-04g_claude-opus-5-api-generic-v8_rep2/AI_READI_d4d.yaml,AI_READI,v8,2,AI_READI_v8_rep2_r10_rating1,49,50,0,50,98.0,98.0,5.0,AI_READI_v8_rep2_r20_rating1,82,88,0,88,93.1818,93.2,5.5,-0.5,False,5,5,not_flagged_by_this_inspection,False,5.62,5.5,3,99.0,93.1818,3,
data/d4d_concatenated/claudecode_api/2026-09-04g_claude-opus-5-api-generic-v8_rep3/AI_READI_d4d.yaml,AI_READI,v8,3,AI_READI_v8_rep3_r10_rating1,49,50,0,50,98.0,98.0,5.0,AI_READI_v8_rep3_r20_rating1,83,88,0,88,94.3182,94.3,2.5,2.5,False,4,5,requires_adjudication,True,5.31,2.5,2,98.5,94.3182,2,
data/d4d_concatenated/claudecode_agent/2026-09-01_claude-opus-5-api-generic-v7_rep1/CHORUS_d4d.yaml,CHORUS,v7,1,CHORUS_v7_rep1_r10_rating1,34,50,0,50,68.0,68.0,20.5,CHORUS_v7_rep1_r20_rating1,66,88,0,88,75.0,75.0,22.0,-1.5,False,4,5,requires_adjudication,True,20.5,22.0,1,68.0,75.0,1,
data/d4d_concatenated/claudecode_agent/2026-09-01_claude-opus-5-api-generic-v7_rep2/CHORUS_d4d.yaml,CHORUS,v7,2,CHORUS_v7_rep2_r10_rating1,30,50,0,50,60.0,60.0,24.0,CHORUS_v7_rep2_r20_rating1,64,88,0,88,72.7273,72.7,24.0,0.0,False,4,5,not_flagged_by_this_inspection,False,24.0,24.0,1,60.0,72.7273,1,
data/d4d_concatenated/claudecode_agent/2026-09-01_claude-opus-5-api-generic-v7_rep3/CHORUS_d4d.yaml,CHORUS,v7,3,CHORUS_v7_rep3_r10_rating1,33,50,0,50,66.0,66.0,22.5,CHORUS_v7_rep3_r20_rating1,67,88,0,88,76.1364,76.1,20.5,2.0,False,4,5,not_flagged_by_this_inspection,False,22.5,20.5,1,66.0,76.1364,1,
data/d4d_concatenated/claudecode_api/2026-09-04f_claude-opus-5-api-generic-v8_rep1/CHORUS_d4d.yaml,CHORUS,v8,1,CHORUS_v8_rep1_r10_rating1,34,50,0,50,68.0,68.0,20.5,CHORUS_v8_rep1_r20_rating1,67,88,0,88,76.1364,76.1,20.5,0.0,False,4,5,requires_adjudication,True,20.5,20.5,1,68.0,76.1364,1,
data/d4d_concatenated/claudecode_api/2026-09-04f_claude-opus-5-api-generic-v8_rep2/CHORUS_d4d.yaml,CHORUS,v8,2,CHORUS_v8_rep2_r10_rating1,36,50,0,50,72.0,72.0,19.0,CHORUS_v8_rep2_r20_rating1,68,88,0,88,77.2727,77.3,19.0,0.0,False,4,5,requires_adjudication,True,19.0,19.0,1,72.0,77.2727,1,
data/d4d_concatenated/claudecode_api/2026-09-04f_claude-opus-5-api-generic-v8_rep3/CHORUS_d4d.yaml,CHORUS,v8,3,CHORUS_v8_rep3_r10_rating1,33,50,0,50,66.0,66.0,22.5,CHORUS_v8_rep3_r20_rating1,65,88,0,88,73.8636,73.9,23.0,-0.5,False,3,5,not_flagged_by_this_inspection,False,22.5,23.0,1,66.0,73.8636,1,
data/d4d_concatenated/claudecode_agent/2026-09-01_claude-opus-5-api-generic-v7_rep1/CM4AI_d4d.yaml,CM4AI,v7,1,CM4AI_v7_rep1_r10_rating1,43,50,3,47,91.4894,91.49,13.5,CM4AI_v7_rep1_r20_rating1,75,88,0,88,85.2273,85.2,14.0,-0.5,False,4,5,not_flagged_by_this_inspection,False,13.5,14.0,1,91.4894,85.2273,1,
data/d4d_concatenated/claudecode_agent/2026-09-01_claude-opus-5-api-generic-v7_rep2/CM4AI_d4d.yaml,CM4AI,v7,2,CM4AI_v7_rep2_r10_rating1,43,50,3,47,91.4894,91.5,13.5,CM4AI_v7_rep2_r20_rating1,64,88,10,78,82.0513,82.1,15.5,-2.0,False,4,5,requires_adjudication,True,13.5,15.5,1,91.4894,82.0513,1,
data/d4d_concatenated/claudecode_agent/2026-09-01_claude-opus-5-api-generic-v7_rep3/CM4AI_d4d.yaml,CM4AI,v7,3,CM4AI_v7_rep3_r10_rating1,42,50,3,47,89.3617,89.4,15.0,CM4AI_v7_rep3_r20_rating1,79,88,0,88,89.7727,89.8,11.0,4.0,True,5,5,not_flagged_by_this_inspection,False,15.0,11.0,1,89.3617,89.7727,1,5
data/d4d_concatenated/claudecode_api/2026-09-04g_claude-opus-5-api-generic-v8_rep1/CM4AI_d4d.yaml,CM4AI,v8,1,CM4AI_v8_rep1_r10_rating1,39,50,3,47,82.9787,82.98,18.0,CM4AI_v8_rep1_r20_rating1,70,88,0,88,79.5455,79.5,17.0,1.0,False,4,5,requires_adjudication,True,18.0,17.0,1,82.9787,79.5455,1,
data/d4d_concatenated/claudecode_api/2026-09-04g_claude-opus-5-api-generic-v8_rep2/CM4AI_d4d.yaml,CM4AI,v8,2,CM4AI_v8_rep2_r10_rating1,41,50,3,47,87.234,87.2,16.0,CM4AI_v8_rep2_r20_rating1,64,88,10,78,82.0513,82.1,15.5,0.5,False,4,5,requires_adjudication,True,16.0,15.5,1,87.234,82.0513,1,
data/d4d_concatenated/claudecode_api/2026-09-04g_claude-opus-5-api-generic-v8_rep3/CM4AI_d4d.yaml,CM4AI,v8,3,CM4AI_v8_rep3_r10_rating1,40,50,3,47,85.1064,85.1,17.0,CM4AI_v8_rep3_r20_rating1,69,88,0,88,78.4091,78.4,18.0,-1.0,False,4,5,requires_adjudication,True,17.0,18.0,1,85.1064,78.4091,1,
data/d4d_concatenated/claudecode_agent/2026-09-01_claude-opus-5-api-generic-v7_rep1/VOICE_d4d.yaml,VOICE,v7,1,VOICE_v7_rep1_r10_rating1,49,50,0,50,98.0,98.0,5.0,VOICE_v7_rep1_r20_rating1,81,88,0,88,92.0455,92.0,8.0,-3.0,False,5,5,not_flagged_by_this_inspection,False,5.0,8.0,1,98.0,92.0455,1,
data/d4d_concatenated/claudecode_agent/2026-09-01_claude-opus-5-api-generic-v7_rep2/VOICE_d4d.yaml,VOICE,v7,2,VOICE_v7_rep2_r10_rating1,49,50,0,50,98.0,98.0,5.0,VOICE_v7_rep2_r20_rating1,80,88,0,88,90.9091,90.9,9.5,-4.5,True,5,5,not_flagged_by_this_inspection,False,5.0,9.5,1,98.0,90.9091,1,3
data/d4d_concatenated/claudecode_agent/2026-09-01_claude-opus-5-api-generic-v7_rep3/VOICE_d4d.yaml,VOICE,v7,3,VOICE_v7_rep3_r10_rating1,48,50,0,50,96.0,96.0,11.0,VOICE_v7_rep3_r20_rating1,82,88,0,88,93.1818,93.2,5.5,5.5,True,5,5,not_flagged_by_this_inspection,False,11.0,5.5,1,96.0,93.1818,1,2
data/d4d_concatenated/claudecode_api/2026-09-04f_claude-opus-5-api-generic-v8_rep1/VOICE_d4d.yaml,VOICE,v8,1,VOICE_v8_rep1_r10_rating1,49,50,0,50,98.0,98.0,5.0,VOICE_v8_rep1_r20_rating1,78,88,0,88,88.6364,88.6,12.0,-7.0,True,5,5,not_flagged_by_this_inspection,False,5.0,12.0,1,98.0,88.6364,1,1
data/d4d_concatenated/claudecode_api/2026-09-04f_claude-opus-5-api-generic-v8_rep2/VOICE_d4d.yaml,VOICE,v8,2,VOICE_v8_rep2_r10_rating1,48,50,0,50,96.0,96.0,11.0,VOICE_v8_rep2_r20_rating1,77,88,0,88,87.5,87.5,13.0,-2.0,False,5,5,not_flagged_by_this_inspection,False,11.0,13.0,1,96.0,87.5,1,
data/d4d_concatenated/claudecode_api/2026-09-04f_claude-opus-5-api-generic-v8_rep3/VOICE_d4d.yaml,VOICE,v8,3,VOICE_v8_rep3_r10_rating1,48,50,0,50,96.0,96.0,11.0,VOICE_v8_rep3_r20_rating1,80,88,0,88,90.9091,90.9,9.5,1.5,False,5,5,not_flagged_by_this_inspection,False,11.0,9.5,1,96.0,90.9091,1,
